lon,lat,name,fix,mov,obs_ve,obs_vn,obs_ee,obs_en,pred_ve,pred_vn,cen,resid_e,resid_n
20.3144,41.1793,LIBR,1111,alb001,-1.1,-0.8,0.38,0.27,0.136,-1.11,0.0,-1.236,0.31
20.523,41.244,M124,1111,alb001,-0.97,-1.736,0.73,0.81,0.06,-1.719,0.0,-1.03,-0.017
20.603,41.068,QAF-,1111,alb001,1.927,-3.29,0.4,0.5,-0.04,-1.679,0.0,1.967,-1.611
20.631,41.063,LINI,1111,alb001,1.182,-1.267,1.295,1.299,-0.052,-1.706,0.0,1.234,0.439
20.6,41.07,QTH2,1111,alb001,1.863,-2.949,1.9,1.1,-0.045,-1.678,0.0,1.908,-1.271
20.524,41.244,M124,1111,alb001,-1.041,-1.75,0.6,0.6,0.061,-1.721,0.0,-1.102,-0.029
20.1846,40.8688,GRA2,1111,alb002,-1.26,-0.9,0.29,0.28,-0.601,-0.754,0.0,-0.659,-0.146
20.5989,40.1499,LES1,1111,alb002,-1.02,-1.21,0.29,0.32,-1.063,-1.697,0.0,0.043,0.487
20.6978,40.7075,MAL3,1111,alb002,-0.2,-3.06,0.53,0.43,-0.741,-1.997,0.0,0.541,-1.063
20.335,40.748,BDMO,1111,alb002,0.643,-0.044,1.299,1.297,-0.776,-1.151,0.0,1.419,1.107
20.063,40.962,DAMG,1111,alb002,-0.372,-1.737,1.284,1.286,-0.395,-0.778,0.0,0.023,-0.959
20.62,40.153,LESK,1111,alb002,-3.051,-0.642,0.941,0.944,-1.085,-1.731,0.0,-1.966,1.089
20.072,41.033,LIXH,1111,alb002,0.281,-2.043,0.884,0.889,-0.115,-1.186,0.0,0.396,-0.857
20.675,40.482,QARR,1111,alb002,1.843,-2.304,0.96,0.963,-1.015,-1.849,0.0,2.858,-0.455
20.7728,40.624,KOR2,1111,alb003,-1.0,-1.9,0.38,0.3,-0.537,-2.28,0.0,-0.463,0.38
20.7941,41.1273,ORID,1111,alb003,0.9,-2.6,0.12,0.11,0.83,-2.507,0.0,0.07,-0.093
20.682,41.43,M123,1111,alb003,0.647,-2.724,0.57,0.59,1.309,-2.269,0.0,-0.662,-0.455
20.784,40.852,ALAR,1111,alb003,-0.292,-2.973,0.98,0.983,0.167,-2.564,0.0,-0.459,-0.409
20.794,40.619,KORC,1111,alb003,0.084,-1.453,1.241,1.246,-0.543,-2.333,0.0,0.627,0.88
20.682,41.43,M123,1111,alb003,-0.044,-2.849,0.7,0.6,1.309,-2.269,0.0,-1.353,-0.58
20.794,41.127,ORID,1111,alb003,1.33,-2.29,0.301,0.268,0.829,-2.508,0.0,0.501,0.218
20.4263,41.6853,PES3,1111,alb004,0.2,-1.74,0.17,0.2,-0.025,-1.977,0.0,0.225,0.237
20.4398,41.6848,PESH,1111,alb004,-0.4,-2.53,0.18,0.26,-0.029,-2.035,0.0,-0.371,-0.495
20.536,41.769,0801,1111,alb004,1.44,-3.096,0.54,0.59,0.403,-2.388,0.0,1.037,-0.708
20.536,41.769,0801,1111,alb004,0.85,-2.35,0.7,0.6,0.403,-2.388,0.0,0.447,0.038
20.44,41.685,PES0,1111,alb004,-0.737,-2.415,0.695,0.673,-0.028,-2.036,0.0,-0.709,-0.379
19.475,40.726,APOL,1111,alb005,-0.999,2.66,0.972,0.973,-1.233,1.826,0.0,0.234,0.834
20.6545,42.0622,DRA2,1111,alb006,0.49,-0.9,0.21,0.2,0.519,-1.132,0.0,-0.029,0.232
20.798,41.992,M108,1111,alb006,1.228,-2.072,0.8,0.88,0.44,-1.206,0.0,0.788,-0.866
20.798,41.992,M108,1111,alb006,0.647,-1.248,0.6,0.6,0.44,-1.206,0.0,0.207,-0.042
20.5283,41.5215,DEBA,1111,alb008,0.4,-0.9,0.21,0.23,0.271,-1.091,0.0,0.129,0.191
20.469,41.586,MAQE,1111,alb008,0.052,-1.951,1.0,0.7,-0.091,-0.892,0.0,0.143,-1.059
20.06,41.543,601_,1111,alb009,0.379,-1.712,1.147,1.149,-0.519,-0.449,0.0,0.898,-1.263
19.897,41.675,608_,1111,alb009,-0.451,-1.793,1.126,1.128,-0.143,-0.315,0.0,-0.308,-1.478
20.4169,42.0771,KUKE,1111,alb010,0.96,-0.68,0.35,0.26,0.005,-0.918,0.0,0.955,0.238
20.6573,42.3974,RAHO,1111,alb010,0.1,-2.5,0.37,0.31,0.272,-1.574,0.0,-0.172,-0.926
19.8749,41.7679,RRES,1111,alb010,-0.89,0.0,0.18,0.26,-0.751,0.103,0.0,-0.139,-0.103
19.1002,42.1025,BAR1,1111,alb011,-0.4,0.9,0.17,0.19,-0.319,1.141,0.0,-0.081,-0.241
19.706,41.701,602_,1111,alb011,1.378,-1.383,1.138,1.14,-0.883,0.412,0.0,2.261,-1.795
19.8095,41.3357,TIR2,1111,alb012,-2.6,0.3,0.29,0.3,-1.916,0.84,0.0,-0.684,-0.54
19.8632,41.3473,TIRA,1111,alb012,-2.0,0.6,0.23,0.15,-1.752,0.716,0.0,-0.248,-0.116
19.863,41.347,TIRA,1111,alb012,-1.721,0.959,0.086,0.102,-1.753,0.717,0.0,0.032,0.242
19.954,41.21,MUSH,1111,alb012,-0.784,-0.587,0.938,0.943,-1.755,0.728,0.0,0.971,-1.315
19.9563,40.7029,BER1,1111,alb013,-0.7,-0.1,0.17,0.19,-0.941,0.097,0.0,0.241,-0.197
19.9455,40.7082,BERA,1111,alb013,-0.9,-0.2,0.18,0.18,-0.918,0.053,0.0,0.018,-0.253
20.3531,40.2331,PERM,1111,alb013,-1.8,-1.2,0.19,0.38,-1.828,-0.398,0.0,0.028,-0.802
19.553,41.428,603_,1111,alb013,-2.272,2.386,1.253,1.254,0.802,0.155,0.0,-3.074,2.231
19.71,41.203,611_,1111,alb013,-0.511,1.76,1.171,1.173,0.821,-0.53,0.0,-1.332,2.29
19.945,40.708,BER0,1111,alb013,-1.099,0.5,1.491,1.06,-0.917,0.051,0.0,-0.182,0.449
19.451,41.3155,DUR2,1111,alb014,-0.1,1.6,0.25,0.3,-0.12,1.757,0.0,0.02,-0.157
19.7068,40.9451,LUS2,1111,alb014,-1.16,1.36,0.28,0.23,-1.036,1.455,0.0,-0.124,-0.095
20.171,40.039,DERV,1111,alb014,-2.779,-0.367,0.946,0.95,-2.119,0.496,0.0,-0.66,-0.863
19.936,40.322,DUKA,1111,alb014,-1.638,1.191,0.946,0.95,-1.962,0.949,0.0,0.324,0.242
19.515,41.102,KRYE,1111,alb014,-0.734,2.345,0.907,0.911,-0.433,1.92,0.0,-0.301,0.425
20.092,40.209,LABO,1111,alb014,-2.534,-0.72,0.961,0.966,-1.741,0.645,0.0,-0.793,-1.365
19.4832,40.471,VLO2,1111,alb015,-0.8,4.0,0.73,0.65,-0.801,1.674,0.0,0.001,2.326
19.494,40.365,RRAD,1111,alb015,1.096,2.964,0.978,0.977,-0.33,1.513,0.0,1.426,1.451
19.51,40.405,VLOR,1111,alb015,-0.131,1.941,1.2,0.8,-0.573,1.682,0.0,0.442,0.259
19.7582,40.0889,HIMA,1111,alb016,-1.4,1.9,0.45,0.59,-1.091,1.331,0.0,-0.309,0.569
19.847,40.058,QEPA,1111,alb016,-3.416,-0.728,0.973,0.975,-1.322,1.474,0.0,-2.094,-2.202
20.0099,39.874,SAR2,1111,alb017,-2.4,-0.1,0.46,0.46,-2.809,0.148,0.0,0.409,-0.248
20.026,39.866,SARA,1111,alb017,-3.159,0.093,0.189,0.232,-2.82,0.09,0.0,-0.339,0.003
19.9355,39.7464,KASI,1111,alb018,-3.4,0.0,0.18,0.18,-2.884,0.202,0.0,-0.516,-0.202
19.429,39.865,OTHF,1111,alb018,-2.802,2.213,0.5,0.6,-2.267,2.039,0.0,-0.535,0.174
19.861,39.749,PNTN,1111,alb018,-4.285,0.068,1.3,1.6,-2.932,0.698,0.0,-1.353,-0.63
19.429,39.865,OTHF,1111,alb018,-1.943,1.473,1.0,1.0,-2.267,2.039,0.0,0.324,-0.566
20.006,39.75,BUTR,1111,alb018,-1.356,-0.698,0.972,0.975,-2.787,-0.397,0.0,1.431,-0.301
19.429,39.865,OTHF,1111,alb018,-2.12,2.235,0.1,0.2,-2.267,2.039,0.0,0.147,0.196
19.861,39.749,PNTN,1111,alb018,-4.015,0.839,0.4,0.4,-2.932,0.698,0.0,-1.083,0.141
19.936,39.746,KASI,1111,alb018,-3.258,0.268,0.513,0.406,-2.89,0.199,0.0,-0.368,0.069
19.986,39.875,SAR9,1111,alb018,-2.37,0.08,1.236,4.147,-1.444,-0.832,0.0,-0.926,0.912
20.2627,39.51,IGOU,1111,alb019,-2.77,0.28,0.28,0.23,-1.433,0.852,0.0,-1.337,-0.572
19.8734,39.4937,KERK,1111,alb019,-2.2,0.7,0.27,0.3,-1.581,0.4,0.0,-0.619,0.3
19.797,39.712,ANOK,1111,alb019,-1.879,3.561,0.4,0.4,-2.193,-0.089,0.0,0.314,3.65
20.473,39.292,PARG,1111,alb019,-2.816,1.544,1.3,1.6,-0.807,1.704,0.0,-2.009,-0.16
19.797,39.712,ANOK,1111,alb019,-3.515,1.34,0.2,0.2,-2.193,-0.089,0.0,-1.322,1.429
19.854,39.524,AMAT,1111,alb019,-1.911,2.339,0.3,0.4,-1.883,0.382,0.0,-0.028,1.957
20.473,39.292,PARG,1111,alb019,-2.504,0.845,0.3,0.3,-0.807,1.704,0.0,-1.697,-0.859
20.1639,39.2108,PAXO,1111,alb020,-0.22,3.5,0.28,0.33,-0.149,3.158,0.0,-0.071,0.342
20.249,39.141,APAX,1111,alb020,-0.19,3.516,0.1,0.1,0.054,3.212,0.0,-0.244,0.304
20.194,39.194,GAIO,1111,alb020,-0.298,2.21,2.6,3.0,-0.062,3.175,0.0,-0.236,-0.965
20.128,39.236,PAXI,1111,alb020,-0.205,3.701,0.2,0.3,-0.279,3.16,0.0,0.074,0.541
20.249,39.141,APAX,1111,alb020,0.991,2.588,1.0,1.0,0.054,3.212,0.0,0.937,-0.624
20.249,39.141,APAX,1111,alb020,0.097,3.442,0.101,0.101,0.054,3.212,0.0,0.043,0.23
20.128,39.236,PAXI,1111,alb020,0.195,3.341,0.1,0.1,-0.279,3.16,0.0,0.474,0.181
19.379,39.856,OTHO,1111,alb020,-4.02,4.236,0.3,0.3,-0.713,1.516,0.0,-3.307,2.72
20.8505,39.6641,IOAN,1111,alb021,-1.8,-3.3,0.31,0.3,-3.244,-2.861,0.0,1.444,-0.439
20.665,39.734,KRTS,1111,alb021,-1.887,-2.632,0.3,0.3,-2.368,-1.539,0.0,0.481,-1.093
20.665,39.734,KARI,1111,alb021,-2.61,-1.354,0.3,0.3,-2.368,-1.539,0.0,-0.242,0.185
20.665,39.734,KRTS,1111,alb021,-1.58,-2.01,0.74,0.65,-2.368,-1.539,0.0,0.788,-0.471
20.851,39.664,IOAN,1111,alb021,-1.226,-2.364,1.191,1.011,-3.245,-2.867,0.0,2.019,0.503
20.571,39.3506,GARD,1111,alb022,-2.92,-0.2,0.41,0.58,5.316,-11.784,0.0,-8.236,11.584
20.88,39.463,TERO,1111,alb022,-5.144,-2.305,1.4,1.8,-0.73,-0.818,0.0,-4.414,-1.487
20.88,39.463,TERO,1111,alb022,-3.904,-2.352,0.3,0.4,-0.73,-0.818,0.0,-3.174,-1.534
20.9595,41.509,KICE,1111,alb023,1.9,-3.0,0.2,0.16,1.842,-2.677,0.0,0.058,-0.323
20.9703,42.0094,TETO,1111,alb023,1.6,-2.2,0.2,0.2,1.56,-2.83,0.0,0.04,0.63
21.052,41.661,M110,1111,alb023,1.275,-3.038,0.72,0.72,1.727,-2.75,0.0,-0.452,-0.288
21.052,41.661,M110,1111,alb023,0.854,-2.446,0.7,0.6,1.727,-2.75,0.0,-0.873,0.304
20.82,40.932,0807,1111,alb024,0.619,-2.222,0.74,0.75,1.131,-2.871,0.0,-0.512,0.649
21.04,40.623,KAPS,1111,alb024,2.143,-3.607,0.936,0.936,1.187,-2.887,0.0,0.956,-0.72
20.915,40.901,POGR,1111,alb024,2.795,-4.108,0.963,0.966,1.086,-2.83,0.0,1.709,-1.278
20.879,40.736,ZVEZ,1111,alb024,2.22,-2.374,0.956,0.959,1.211,-2.864,0.0,1.009,0.49
20.82,40.932,0807,1111,alb024,0.566,-1.648,0.7,0.6,1.131,-2.871,0.0,-0.565,1.223
21.4017,40.7799,FLOR,1111,alb025,0.94,-4.7,0.33,0.33,0.944,-2.978,0.0,-0.004,-1.722
21.2632,40.5231,KAST,1111,alb025,0.9,-3.7,0.24,0.19,0.464,-2.923,0.0,0.436,-0.777
21.182,41.002,M127,1111,alb025,0.95,-2.866,0.72,0.75,1.501,-2.715,0.0,-0.551,-0.151
21.616,40.113,KN43,1111,alb025,-0.543,-4.939,2.5,2.7,-0.325,-3.697,0.0,-0.218,-1.242
21.655,40.136,KN49,1111,alb025,-2.55,-3.527,2.2,2.3,-0.274,-3.779,0.0,-2.276,0.252
21.702,40.305,SI19,1111,alb025,-2.279,-3.708,2.4,2.7,0.08,-3.964,0.0,-2.359,0.256
21.51,40.473,SI80,1111,alb025,-0.881,-2.477,2.2,2.3,0.398,-3.625,0.0,-1.279,1.148
21.269,40.519,KAST,1111,alb025,0.186,-2.357,0.1,0.1,0.45,-2.964,0.0,-0.264,0.607
21.182,41.002,M127,1111,alb025,1.167,-2.945,0.7,0.6,1.501,-2.715,0.0,-0.334,-0.23
21.182,41.002,M127,1111,alb025,0.795,-2.924,0.4,0.4,1.501,-2.715,0.0,-0.706,-0.209
21.269,40.519,KAST,1111,alb025,0.681,-3.05,0.101,0.101,0.45,-2.964,0.0,0.231,-0.086
21.3355,41.0241,BITO,1111,alb026,1.3,-3.7,0.19,0.22,1.263,-3.325,0.0,0.037,-0.375
21.208,41.436,M122,1111,alb026,1.261,-3.546,0.57,0.59,1.446,-3.257,0.0,-0.185,-0.289
21.033,41.227,M125,1111,alb026,2.174,-3.339,0.72,0.73,1.36,-3.244,0.0,0.814,-0.095
21.15,41.324,M121,1111,alb026,0.062,-3.246,0.7,0.6,1.431,-3.316,0.0,-1.369,0.07
21.205,41.435,M122,1111,alb026,0.359,-2.944,0.7,0.6,1.448,-3.256,0.0,-1.089,0.312
21.026,41.223,M125,1111,alb026,2.262,-2.547,0.6,0.6,1.358,-3.237,0.0,0.904,0.69
22.089,41.4837,NEG1,1111,alb027,1.3,-3.2,0.16,0.2,1.393,-3.477,0.0,-0.093,0.277
21.5596,41.3436,PRIL,1111,alb027,1.5,-3.4,0.16,0.15,1.315,-3.368,0.0,0.185,-0.032
21.7705,41.7182,VELE,1111,alb027,1.4,-3.4,0.17,0.17,1.413,-3.576,0.0,-0.013,0.176
21.787,40.931,0806,1111,alb027,1.124,-4.487,1.1,1.13,1.304,-3.216,0.0,-0.18,-1.271
21.404,41.704,M111,1111,alb027,0.776,-3.383,1.18,1.37,1.452,-3.369,0.0,-0.676,-0.014
21.65,41.328,M121,1111,alb027,0.536,-3.619,0.58,0.62,1.313,-3.369,0.0,-0.777,-0.25
22.205,41.162,M129,1111,alb027,0.982,-4.64,0.8,0.88,1.231,-2.895,0.0,-0.249,-1.745
22.205,41.162,M129,1111,alb027,1.469,-3.837,0.6,0.6,1.231,-2.895,0.0,0.238,-0.942
21.786,40.925,0806,1111,alb027,0.972,-3.741,1.1,1.0,1.298,-3.203,0.0,-0.326,-0.538
21.402,41.702,M111,1111,alb027,-0.045,-2.944,0.8,0.8,1.452,-3.369,0.0,-1.497,0.425
22.0512,40.8043,EDES,1111,alb028,2.0,-7.71,0.21,0.22,1.163,-5.87,0.0,0.837,-1.84
21.6781,40.5114,PTOL,1111,alb028,1.1,-5.8,0.18,0.16,1.48,-6.105,0.0,-0.38,0.305
22.5634,41.3183,VALX,1111,alb028,1.0,-4.6,0.23,0.19,1.096,-5.406,0.0,-0.096,0.806
22.171,40.845,KALI,1111,alb028,0.984,-6.308,0.5,0.4,1.137,-5.354,0.0,-0.153,-0.954
22.438,41.096,SKRA,1111,alb028,0.413,-5.53,0.5,0.4,0.921,-5.363,0.0,-0.508,-0.167
22.051,40.804,EDES,1111,alb028,1.522,-8.298,0.955,0.976,1.163,-5.87,0.0,0.359,-2.428
21.678,40.511,PTOL,1111,alb028,0.078,-5.002,1.047,1.399,1.481,-6.104,0.0,-1.403,1.102
21.4074,41.9997,SKOP,1111,alb029,1.3,-2.5,0.17,0.16,1.164,-2.248,0.0,0.136,-0.252
21.446,42.192,0802,1111,alb029,2.297,-0.592,0.77,0.8,1.041,-2.183,0.0,1.256,1.591
21.446,42.192,0802,1111,alb029,2.247,-0.343,0.6,0.6,1.041,-2.183,0.0,1.206,1.84
21.446,42.192,0802,1111,alb029,0.427,-1.546,0.3,0.3,1.041,-2.183,0.0,-0.614,0.637
22.4717,42.5008,BOSI,1111,alb030,0.9,-2.8,0.17,0.18,0.709,-2.45,0.0,0.191,-0.35
21.7662,42.4596,BUJA,1111,alb030,0.7,-2.3,0.11,0.14,0.891,-2.39,0.0,-0.191,0.09
22.3359,42.2064,KRPA,1111,alb030,0.6,-2.4,0.14,0.16,0.756,-2.377,0.0,-0.156,-0.023
21.7175,42.1364,KUMA,1111,alb030,0.97,-2.3,0.14,0.16,0.772,-2.58,0.0,0.198,0.28
22.651,42.8348,TRAN,1111,alb030,-0.09,-2.0,0.25,0.26,0.566,-2.475,0.0,-0.656,0.475
22.472,42.501,BOSI,1111,alb030,0.657,-1.557,0.76,0.49,0.709,-2.45,0.0,-0.052,0.893
21.766,42.46,BUJA,1111,alb030,0.883,-2.677,0.14,0.14,0.891,-2.39,0.0,-0.008,-0.287
22.718,42.676,DSEC,1111,alb030,0.005,-4.323,0.62,0.69,0.641,-2.483,0.0,-0.636,-1.84
21.928,42.31,M104,1111,alb030,2.708,-1.555,0.69,0.75,0.69,-2.464,0.0,2.018,0.909
22.718,42.676,DSEC,1111,alb030,0.645,-3.434,0.8,0.8,0.641,-2.483,0.0,0.004,-0.951
21.928,42.31,M104,1111,alb030,1.947,-1.939,0.6,0.6,0.69,-2.464,0.0,1.257,0.525
20.8658,42.8888,MITR,1111,alb031,0.8,-1.3,0.2,0.18,0.788,-1.269,0.0,0.012,-0.031
21.0385,42.4341,SHTI,1111,alb031,0.2,-1.4,0.32,0.22,0.34,-1.404,0.0,-0.14,0.004
21.5786,42.5813,KAME,1111,alb032,1.6,-2.2,0.18,0.18,1.214,-2.173,0.0,0.386,-0.027
21.2715,43.1376,KURS,1111,alb033,0.9,-0.9,0.13,0.16,1.023,-1.196,0.0,-0.123,0.296
21.9479,42.9976,LESK,1111,alb033,0.7,-1.7,0.12,0.12,0.841,-1.642,0.0,-0.141,-0.058
20.5193,43.1396,NPAZ,1111,alb033,1.1,-0.5,0.11,0.14,0.998,-0.442,0.0,0.102,-0.058
20.2885,42.6615,PEJA,1111,alb033,0.9,0.1,0.24,0.22,0.506,-0.34,0.0,0.394,0.44
19.6425,43.3855,PRIJ,1111,alb033,0.4,0.7,0.13,0.16,0.984,0.439,0.0,-0.584,0.261
21.1918,42.6702,PRIS,1111,alb033,0.6,-1.5,0.18,0.18,0.369,-0.96,0.0,0.231,-0.54
20.1658,42.8424,ROZA,1111,alb033,1.1,-0.3,0.73,0.7,0.784,-0.184,0.0,0.316,-0.116
21.271,43.138,KURS,1111,alb033,1.816,-1.235,0.18,0.15,1.024,-1.196,0.0,0.792,-0.039
21.948,42.998,LESK,1111,alb033,0.753,-1.414,0.46,0.28,0.841,-1.642,0.0,-0.088,0.228
20.519,43.14,NPAZ,1111,alb033,0.851,-1.206,0.45,0.33,0.999,-0.441,0.0,-0.148,-0.765
19.642,43.386,PRIJ,1111,alb033,0.781,0.77,0.25,0.18,0.984,0.439,0.0,-0.203,0.331
20.2302,43.581,IVAN,1111,alb034,1.1,0.0,0.12,0.15,0.985,0.464,0.0,0.115,-0.464
20.23,43.581,IVNJ,1111,alb034,0.771,1.25,0.17,0.16,0.985,0.465,0.0,-0.214,0.785
19.3568,43.3568,PLJE,1111,alb035,1.1,0.9,0.13,0.16,0.997,1.197,0.0,0.103,-0.297
19.5811,42.9604,MOJK,1111,alb036,0.8,0.8,0.15,0.24,0.804,0.822,0.0,-0.004,-0.022
18.4139,43.8679,SRJV,1111,alb037,0.8,1.2,0.12,0.15,0.904,1.271,0.0,-0.104,-0.071
18.414,43.868,SRJV,1111,alb037,0.995,1.621,0.301,0.409,0.904,1.27,0.0,0.091,0.351
20.0722,42.3636,BACU,1111,alb038,-0.3,1.2,0.77,0.81,-0.042,0.366,0.0,-0.258,0.834
20.0741,42.3577,BAJR,1111,alb038,0.07,0.47,0.41,0.33,-0.051,0.369,0.0,0.121,0.101
19.9444,42.597,PLAV,1111,alb038,0.5,0.2,0.24,0.19,0.368,0.357,0.0,0.132,-0.157
19.2128,42.5675,GMME,1111,alb039,0.1,1.6,0.14,0.21,0.2,1.434,0.0,-0.1,0.166
18.9499,42.7758,NIKS,1111,alb039,0.6,1.57,0.19,0.19,0.394,1.589,0.0,0.206,-0.019
17.565,43.599,CVRS,1111,alb039,0.424,2.758,0.72,0.82,0.872,2.359,0.0,-0.448,0.399
22.7781,43.016,DIMI,1111,alb040,0.39,-1.4,0.12,0.19,0.46,-1.704,0.0,-0.07,0.304
22.9335,42.9318,DRAN,1111,alb040,-0.1,-2.6,0.37,0.51,0.555,-1.873,0.0,-0.655,-0.727
22.778,43.016,DIMI,1111,alb040,0.189,-1.073,0.18,0.18,0.46,-1.704,0.0,-0.271,0.631
22.933,42.932,DRAX,1111,alb040,0.852,-2.481,0.69,0.15,0.556,-1.872,0.0,0.296,-0.609
23.799,42.778,VITX,1111,alb040,2.15,-1.588,0.59,0.67,0.396,-2.486,0.0,1.754,0.898
23.364,42.867,VLAD,1111,alb040,1.975,-2.604,0.42,0.48,0.498,-2.149,0.0,1.477,-0.455
23.799,42.778,VITA,1111,alb040,1.249,-1.927,0.9,0.9,0.396,-2.486,0.0,0.853,0.559
23.572,42.773,BUHO,1111,alb040,-0.252,-3.328,1.0,1.1,0.401,-2.307,0.0,-0.653,-1.021
23.55,42.99,KOZN,1111,alb040,0.442,-1.228,1.1,1.1,0.61,-2.284,0.0,-0.168,1.056
23.364,42.867,VLTR,1111,alb040,1.944,-2.03,0.6,0.6,0.498,-2.149,0.0,1.446,0.119
22.7131,42.2837,KUST,1111,alb041,0.73,-2.2,0.13,0.14,0.775,-2.251,0.0,-0.045,0.051
22.5045,41.8841,VINI,1111,alb041,0.9,-2.6,0.18,0.2,0.764,-2.317,0.0,0.136,-0.283
22.864,42.002,0803,1111,alb041,1.099,-2.001,0.79,0.85,0.931,-2.205,0.0,0.168,0.204
22.012,41.765,0804,1111,alb041,0.699,-2.784,0.59,0.62,0.834,-2.531,0.0,-0.135,-0.253
22.681,42.26,BOGX,1111,alb041,1.813,-3.313,0.51,0.59,0.799,-2.268,0.0,1.014,-1.045
22.935,42.132,FROL,1111,alb041,-0.472,-1.69,0.54,0.61,0.845,-2.195,0.0,-1.317,0.505
21.798,41.986,M112,1111,alb041,0.833,-3.416,0.97,1.07,0.967,-2.572,0.0,-0.134,-0.844
22.115,42.033,M113,1111,alb041,1.785,-3.712,0.64,0.66,0.922,-2.494,0.0,0.863,-1.218
22.516,42.158,M114,1111,alb041,0.944,-1.426,0.64,0.63,0.863,-2.397,0.0,0.081,0.971
23.246,42.282,SAPA,1111,alb041,2.027,-1.946,0.6,0.71,0.756,-2.138,0.0,1.271,0.192
23.246,42.282,SAPA,1111,alb041,1.155,-1.43,0.7,0.7,0.756,-2.138,0.0,0.399,0.708
22.935,42.133,FROL,1111,alb041,0.856,-2.332,0.7,0.7,0.844,-2.195,0.0,0.012,-0.137
22.864,42.002,0803,1111,alb041,1.457,-1.633,0.6,0.6,0.931,-2.205,0.0,0.526,0.572
22.681,42.26,BOGS,1111,alb041,1.351,-2.634,1.6,1.3,0.799,-2.268,0.0,0.552,-0.366
22.516,42.158,M114,1111,alb041,0.653,-1.135,0.7,0.6,0.863,-2.397,0.0,-0.21,1.262
22.115,42.03,M113,1111,alb041,0.453,-3.539,0.7,0.6,0.921,-2.49,0.0,-0.468,-1.049
22.012,41.765,0804,1111,alb041,0.758,-2.639,0.6,0.6,0.834,-2.531,0.0,-0.076,-0.108
21.798,41.986,M112,1111,alb041,0.252,-2.84,0.7,0.7,0.967,-2.572,0.0,-0.715,-0.268
22.681,42.26,BOGO,1111,alb041,1.641,-1.85,0.5,0.4,0.799,-2.268,0.0,0.842,0.418
22.935,42.133,FROL,1111,alb041,0.729,-2.072,0.5,0.4,0.844,-2.195,0.0,-0.115,0.123
23.246,42.282,SAPA,1111,alb041,0.547,-2.299,0.5,0.4,0.756,-2.138,0.0,-0.209,-0.161
21.798,41.986,M112,1111,alb041,0.606,-2.275,0.3,0.3,0.967,-2.572,0.0,-0.361,0.297
22.713,42.284,KUST,1111,alb041,1.072,-1.656,0.469,0.574,0.775,-2.251,0.0,0.297,0.595
23.0076,42.3671,BOBO,1111,alb042,0.3,-2.0,0.21,0.26,0.855,-2.27,0.0,-0.555,0.27
23.173,42.505,BOSN,1111,alb042,1.011,-2.627,0.62,0.69,0.873,-2.251,0.0,0.138,-0.376
22.821,42.359,CARV,1111,alb042,1.542,-2.301,0.66,0.71,0.863,-2.242,0.0,0.679,-0.059
23.089,42.387,DELA,1111,alb042,-0.206,-2.567,0.52,0.58,0.85,-2.28,0.0,-1.056,-0.287
23.08,42.565,KRAX,1111,alb042,1.63,-2.728,0.61,0.7,0.932,-2.202,0.0,0.698,-0.526
23.28,42.56,CHER,1111,alb042,-1.351,-1.729,0.9,0.9,0.848,-2.254,0.0,-2.199,0.525
23.173,42.505,BOSN,1111,alb042,1.05,-3.231,0.8,0.8,0.873,-2.251,0.0,0.177,-0.98
23.089,42.387,DELA,1111,alb042,1.352,-2.831,0.7,0.7,0.85,-2.28,0.0,0.502,-0.551
23.08,42.565,KRAL,1111,alb042,0.349,-3.531,0.7,0.8,0.932,-2.202,0.0,-0.583,-1.329
22.821,42.359,CARV,1111,alb042,1.45,-1.833,0.8,0.8,0.863,-2.242,0.0,0.587,0.409
23.173,42.505,BOSN,1111,alb042,1.97,-1.992,0.4,0.4,0.873,-2.251,0.0,1.097,0.259
22.821,42.359,CARV,1111,alb042,1.952,-2.062,0.4,0.4,0.863,-2.242,0.0,1.089,0.18
23.089,42.387,DELA,1111,alb042,1.158,-2.084,0.4,0.4,0.85,-2.28,0.0,0.308,0.196
23.08,42.565,KRAL,1111,alb042,1.077,-2.284,0.4,0.4,0.932,-2.202,0.0,0.145,-0.082
23.0378,42.6133,PERN,1111,alb043,-1.0,-2.1,0.49,0.48,0.803,-1.742,0.0,-1.803,-0.358
23.068,42.723,BANK,1111,alb043,1.916,-1.508,0.59,0.67,0.912,-1.67,0.0,1.004,0.162
22.903,42.75,BREX,1111,alb043,1.604,-2.921,0.67,0.77,0.743,-1.871,0.0,0.861,-1.05
22.695,42.498,ZEME,1111,alb043,-0.002,-3.243,0.52,0.59,0.863,-1.781,0.0,-0.865,-1.462
23.068,42.723,BANK,1111,alb043,0.545,-2.132,0.8,0.8,0.912,-1.67,0.0,-0.367,-0.462
22.695,42.498,ZEME,1111,alb043,1.647,-1.934,0.7,0.7,0.863,-1.781,0.0,0.784,-0.153
22.695,42.498,ZEME,1111,alb043,1.467,-1.451,0.4,0.4,0.863,-1.781,0.0,0.604,0.33
23.3675,42.6502,SOF2,1111,alb044,0.3,-2.2,0.16,0.21,0.653,-2.253,0.0,-0.353,0.053
23.2685,42.6678,SOFA,1111,alb044,1.8,-2.6,0.27,0.26,0.744,-2.361,0.0,1.056,-0.239
23.488,42.602,LOZE,1111,alb044,2.132,-1.771,1.07,1.16,0.658,-2.164,0.0,1.474,0.393
23.058,42.862,SLIV,1111,alb044,-0.447,-1.469,0.57,0.63,0.404,-2.493,0.0,-0.851,1.024
23.488,42.602,LOZE,1111,alb044,0.451,-2.528,0.9,0.9,0.658,-2.164,0.0,-0.207,-0.364
23.058,42.862,SLIV,1111,alb044,0.043,-2.132,0.5,0.5,0.404,-2.493,0.0,-0.361,0.361
23.269,42.668,SOFA,1111,alb044,1.382,-2.111,1.404,1.458,0.744,-2.36,0.0,0.638,0.249
23.4253,42.4766,PLA1,1111,alb045,0.6,-1.5,0.67,0.52,0.467,-1.952,0.0,0.133,0.452
23.5605,42.3418,SAM1,1111,alb045,0.4,-2.3,0.18,0.2,0.507,-1.884,0.0,-0.107,-0.416
23.3947,42.5561,SOFI,1111,alb045,0.4,-2.0,0.12,0.13,0.442,-1.965,0.0,-0.042,-0.035
23.425,42.477,PLA1,1111,alb045,0.552,-1.53,0.5,0.5,0.467,-1.952,0.0,0.085,0.422
23.425,42.477,PLA1,1111,alb045,0.968,-1.514,0.4,0.4,0.467,-1.952,0.0,0.501,0.438
23.395,42.556,SOFI,1111,alb045,0.525,-1.249,0.527,0.369,0.442,-1.965,0.0,0.083,0.716
23.8538,42.0644,YUND,1111,alb046,1.17,-1.84,0.21,0.3,1.03,-2.023,0.0,0.14,0.183
23.762,42.141,BELM,1111,alb046,1.933,-2.327,0.62,0.7,0.926,-2.129,0.0,1.007,-0.198
23.509,42.274,MALX,1111,alb046,0.368,-2.561,0.61,0.71,0.872,-2.242,0.0,-0.504,-0.319
23.18,42.135,PADX,1111,alb046,2.049,-2.207,0.56,0.62,0.886,-2.496,0.0,1.163,0.289
23.762,42.141,BELM,1111,alb046,0.26,-2.126,0.8,0.8,0.926,-2.129,0.0,-0.666,0.003
23.509,42.274,MALA,1111,alb046,-0.144,-2.328,0.8,0.8,0.872,-2.242,0.0,-1.016,-0.086
23.18,42.136,PADA,1111,alb046,0.057,-3.131,0.9,0.9,0.887,-2.494,0.0,-0.83,-0.637
23.762,42.141,BELM,1111,alb046,0.734,-2.242,0.5,0.4,0.926,-2.129,0.0,-0.192,-0.113
23.509,42.274,MALA,1111,alb046,0.746,-2.52,0.5,0.4,0.872,-2.242,0.0,-0.126,-0.278
23.18,42.136,PADA,1111,alb046,1.23,-2.593,0.5,0.4,0.887,-2.494,0.0,0.343,-0.099
23.524,42.046,SEMO,1111,alb046,0.321,-1.822,0.5,0.4,0.941,-2.165,0.0,-0.62,0.343
23.854,42.064,YUND,1111,alb046,1.695,-1.902,0.768,0.788,1.032,-2.022,0.0,0.663,0.12
23.0887,41.9902,BLAG,1111,alb047,0.8,-2.6,0.16,0.18,0.79,-2.458,0.0,0.01,-0.142
23.011,41.938,PADE,1111,alb047,0.508,-1.978,0.5,0.4,0.419,-2.202,0.0,0.089,0.224
23.177,42.023,HURS,1111,alb048,1.517,-1.693,0.5,0.4,1.045,-1.379,0.0,0.472,-0.314
23.12,41.861,KRUP,1111,alb048,-0.101,0.612,0.5,0.4,-0.041,-1.759,0.0,-0.06,2.371
23.4716,41.8892,RAZ1,1111,alb049,0.5,-3.0,0.23,0.3,0.669,-2.555,0.0,-0.169,-0.445
23.9867,42.024,VELI,1111,alb049,0.4,-2.1,0.14,0.17,0.278,-2.336,0.0,0.122,0.236
23.569,41.823,DOBR,1111,alb049,1.277,-2.551,0.46,0.51,0.707,-2.542,0.0,0.57,-0.009
23.569,41.823,DOBR,1111,alb049,-1.028,-2.77,1.3,1.3,0.707,-2.542,0.0,-1.735,-0.228
23.569,41.823,DOBR,1111,alb049,0.264,-2.228,0.5,0.5,0.707,-2.542,0.0,-0.443,0.314
23.569,41.823,DOBR,1111,alb049,1.397,-2.825,0.5,0.4,0.707,-2.542,0.0,0.69,-0.283
24.173,41.645,DOSP,1111,alb049,-0.219,-2.676,0.5,0.4,0.898,-2.294,0.0,-1.117,-0.382
23.524,41.911,DRAG,1111,alb049,-0.693,-2.522,0.5,0.4,0.651,-2.576,0.0,-1.344,0.054
24.036,41.733,SARN,1111,alb049,0.39,-2.165,0.5,0.4,0.761,-2.375,0.0,-0.371,0.21
23.569,41.823,DOBR,1111,alb049,1.272,-2.332,0.4,0.5,0.707,-2.542,0.0,0.565,0.21
23.569,41.823,DOBR,1111,alb049,-0.857,-2.299,1.34,1.3,0.707,-2.542,0.0,-1.564,0.243
23.0375,41.2859,SER1,1111,alb050,0.9,-4.84,0.2,0.32,0.712,-4.223,0.0,0.188,-0.617
22.78,41.327,0805,1111,alb050,0.543,-3.742,0.82,0.81,0.722,-4.037,0.0,-0.179,0.295
22.31,41.51,M120,1111,alb050,0.486,-4.46,1.74,2.09,0.847,-3.733,0.0,-0.361,-0.727
22.78,41.327,0805,1111,alb050,0.969,-3.133,0.6,0.6,0.722,-4.037,0.0,0.247,0.904
22.31,41.51,M120,1111,alb050,0.263,-3.437,0.7,0.6,0.847,-3.733,0.0,-0.584,0.296
22.31,41.51,M120,1111,alb050,0.457,-3.819,0.3,0.4,0.847,-3.733,0.0,-0.39,-0.086
22.853,41.7054,BERO,1111,alb052,0.5,-3.8,0.17,0.15,0.452,-3.342,0.0,0.048,-0.458
23.7342,41.5661,GDE1,1111,alb052,1.0,-3.5,0.29,0.47,0.56,-3.019,0.0,0.44,-0.481
23.2678,41.5506,SAND,1111,alb052,0.5,-3.5,0.16,0.19,0.539,-3.173,0.0,-0.039,-0.327
22.963,41.789,M116,1111,alb052,0.014,-3.789,0.64,0.68,-0.003,-3.883,0.0,0.017,0.094
22.507,41.781,M117,1111,alb052,0.582,-2.356,0.66,0.67,0.537,-3.295,0.0,0.045,0.939
22.875,41.541,M119,1111,alb052,0.829,-3.191,0.83,0.84,0.527,-3.366,0.0,0.302,0.175
24.244,41.375,SKAL,1111,alb052,0.846,-1.986,0.4,0.4,0.654,-2.815,0.0,0.192,0.829
23.125,41.459,PETB,1111,alb052,0.531,-1.526,1.3,1.3,0.613,-3.284,0.0,-0.082,1.758
23.916,41.597,SAT1,1111,alb052,-0.49,-3.627,1.2,1.2,0.569,-2.903,0.0,-1.059,-0.724
23.916,41.597,SAT1,1111,alb052,0.771,-2.725,0.5,0.5,0.569,-2.903,0.0,0.202,0.178
23.125,41.459,PECH,1111,alb052,0.569,-3.531,0.6,0.5,0.613,-3.284,0.0,-0.044,-0.247
22.963,41.789,M116,1111,alb052,0.361,-3.331,0.8,0.6,-0.003,-3.883,0.0,0.364,0.552
22.875,41.541,M119,1111,alb052,1.166,-2.833,0.6,0.6,0.527,-3.366,0.0,0.639,0.533
22.507,41.781,M117,1111,alb052,-0.341,-2.435,0.7,0.6,0.537,-3.295,0.0,-0.878,0.86
23.739,41.63,BANI,1111,alb052,0.478,-2.64,0.5,0.4,0.529,-3.016,0.0,-0.051,0.376
23.183,41.609,CAPA,1111,alb052,0.273,-3.193,0.5,0.4,0.494,-3.124,0.0,-0.221,-0.069
23.686,41.79,GOST,1111,alb052,0.294,-2.435,0.5,0.4,0.436,-3.07,0.0,-0.142,0.635
23.251,41.654,ILIN,1111,alb052,-0.022,-3.399,0.5,0.4,0.448,-3.1,0.0,-0.47,-0.299
23.784,41.487,KOPR,1111,alb052,0.763,-2.944,0.5,0.4,0.599,-2.984,0.0,0.164,0.04
23.176,41.769,KRES,1111,alb052,0.99,-2.493,0.5,0.4,0.347,-2.877,0.0,0.643,0.384
23.125,41.459,PETR,1111,alb052,0.856,-3.288,0.5,0.4,0.613,-3.284,0.0,0.243,-0.004
23.645,41.553,POLI,1111,alb052,1.369,-3.232,0.5,0.4,0.554,-3.067,0.0,0.815,-0.165
23.259,41.467,RUPI,1111,alb052,-0.042,-3.1,0.5,0.4,0.547,-3.239,0.0,-0.589,0.139
23.913,41.598,SATO,1111,alb052,0.675,-2.655,0.5,0.4,0.569,-2.905,0.0,0.106,0.25
24.004,41.561,VALK,1111,alb052,0.671,-2.163,0.5,0.4,0.586,-2.855,0.0,0.085,0.692
23.954,41.078,KONS,1111,alb052,-0.482,-4.258,0.5,0.4,0.847,-2.907,0.0,-1.329,-1.351
23.846,41.355,NEVR,1111,alb052,0.548,-3.95,0.5,0.4,0.699,-2.925,0.0,-0.151,-1.025
23.567,41.134,SERE,1111,alb052,0.023,-3.626,0.5,0.4,0.86,-2.813,0.0,-0.837,-0.813
22.507,41.781,M117,1111,alb052,0.088,-2.535,0.3,0.4,0.537,-3.295,0.0,-0.449,0.76
23.954,41.078,KONS,1111,alb052,0.887,-2.529,0.4,0.5,0.847,-2.907,0.0,0.04,0.378
23.846,41.355,NEVR,1111,alb052,0.683,-2.231,0.4,0.5,0.699,-2.925,0.0,-0.016,0.694
23.125,41.459,PETR,1111,alb052,0.676,-3.035,0.4,0.4,0.613,-3.284,0.0,0.063,0.249
23.916,41.597,SAT1,1111,alb052,0.579,-3.329,0.8,1.0,0.569,-2.903,0.0,0.01,-0.426
24.244,41.375,SKAL,1111,alb052,0.685,-2.427,0.2,0.2,0.654,-2.815,0.0,0.031,0.388
23.125,41.459,PETB,1111,alb052,0.618,-1.087,1.32,1.27,0.613,-3.284,0.0,0.005,2.197
23.916,41.597,SAT1,1111,alb052,-0.366,-3.22,1.25,1.21,0.569,-2.903,0.0,-0.935,-0.317
23.268,41.551,SAN1,1111,alb052,0.43,-3.015,0.542,0.434,0.538,-3.173,0.0,-0.108,0.158
23.387,41.0684,PROW,1111,alb053,0.8,-4.9,0.18,0.19,0.622,-5.206,0.0,0.178,0.306
24.201,40.916,ELEF,1111,alb053,1.502,-4.079,0.5,0.5,0.855,-3.714,0.0,0.647,-0.365
22.833,41.009,KLKI,1111,alb053,0.006,-5.363,0.5,0.4,0.737,-5.878,0.0,-0.731,0.515
23.54,40.855,LAGA,1111,alb053,0.392,-5.624,0.5,0.4,1.055,-4.775,0.0,-0.663,-0.849
22.893,40.761,MELI,1111,alb053,0.08,-6.769,0.5,0.4,1.083,-5.396,0.0,-1.003,-1.373
23.856,40.84,MESL,1111,alb053,0.692,-3.75,0.5,0.4,1.049,-4.154,0.0,-0.357,0.404
23.555,41.074,TEI0,1111,alb053,0.991,-3.346,1.253,0.977,0.665,-4.8,0.0,0.326,1.454
22.8569,40.6419,KAL1,1111,alb054,2.1,-8.21,0.37,0.33,0.894,-7.325,0.0,1.206,-0.885
22.8485,40.6428,KAL2,1111,alb054,0.3,-7.91,0.44,0.26,0.881,-7.33,0.0,-0.581,-0.58
22.9594,40.6275,THS1,1111,alb054,0.9,-7.0,0.17,0.22,1.103,-7.306,0.0,-0.203,0.306
21.939,40.063,LI29,1111,alb055,-2.372,-6.624,2.4,2.6,-0.379,-5.947,0.0,-1.993,-0.677
22.043,40.188,LO79,1111,alb055,-2.001,-5.688,3.5,2.8,-0.157,-6.081,0.0,-1.844,0.393
22.043,40.188,SERV,1111,alb055,-0.909,-4.244,0.4,0.5,-0.157,-6.081,0.0,-0.752,1.837
22.2044,40.5228,VERI,1111,alb056,0.9,-7.11,0.31,0.26,0.771,-7.032,0.0,0.129,-0.078
21.899,40.21,LI74,1111,alb056,-0.989,-5.539,2.4,2.6,-0.609,-5.924,0.0,-0.38,0.385
23.7038,40.7116,VRAS,1111,alb057,0.4,-6.5,0.29,0.29,0.568,-5.036,0.0,-0.168,-1.464
23.428,40.789,SOXO,1111,alb057,0.039,-4.888,0.4,0.3,0.567,-5.042,0.0,-0.528,0.154
23.136,40.798,VRES,1111,alb057,0.085,-6.89,0.5,0.4,0.475,-4.844,0.0,-0.39,-2.046
23.428,40.789,SOXO,1111,alb057,0.89,-3.633,0.2,0.2,0.567,-5.042,0.0,0.323,1.409
23.136,40.798,VRES,1111,alb057,0.488,-5.236,0.3,0.4,0.475,-4.844,0.0,0.013,-0.392
23.428,40.789,SOXO,1111,alb057,-0.396,-4.909,0.79,0.67,0.567,-5.042,0.0,-0.963,0.133
23.7908,40.5202,STRA,1111,alb058,0.74,-7.41,0.24,0.32,0.616,-7.068,0.0,0.124,-0.342
23.041,40.64,ASVE,1111,alb058,1.367,-6.681,0.6,0.5,0.486,-6.438,0.0,0.881,-0.243
23.848,40.436,IERI,1111,alb058,-0.752,-6.949,0.6,0.5,0.346,-7.09,0.0,-1.098,0.141
23.362,40.642,PLAT,1111,alb058,-0.231,-7.108,0.5,0.4,0.457,-6.551,0.0,-0.688,-0.557
23.654,40.558,VARV,1111,alb058,-0.739,-6.633,0.6,0.5,0.924,-6.981,0.0,-1.663,0.348
23.791,40.52,STRA,1111,alb058,-1.426,-4.932,1.39,1.416,0.616,-7.068,0.0,-2.042,2.136
23.0037,40.5668,AUT1,1111,alb059,1.6,-6.91,0.14,0.17,1.321,-7.054,0.0,0.279,0.144
23.004,40.567,AUT1,1111,alb059,1.368,-7.145,0.283,0.273,1.321,-7.053,0.0,0.047,-0.092
22.544,39.937,KRNA,1111,alb060,1.877,-5.798,0.2,0.2,0.539,-6.167,0.0,1.338,0.369
23.919,39.994,STHN,1111,alb060,0.266,-9.727,0.4,0.3,0.451,-8.759,0.0,-0.185,-0.968
23.919,39.994,STHN,1111,alb060,-1.4,-7.755,0.6,0.5,0.451,-8.759,0.0,-1.851,1.004
22.544,39.937,KRNA,1111,alb060,0.899,-6.24,0.2,0.2,0.539,-6.167,0.0,0.36,-0.073
23.919,39.994,STHN,1111,alb060,-1.195,-8.53,0.2,0.2,0.451,-8.759,0.0,-1.646,0.229
22.544,39.937,KRNA,1111,alb060,2.072,-6.316,0.46,0.45,0.539,-6.167,0.0,1.533,-0.149
23.919,39.994,STHN,1111,alb060,0.748,-9.59,0.72,0.65,0.451,-8.759,0.0,0.297,-0.831
22.5213,40.2701,KATE,1111,alb061,1.0,-8.21,0.15,0.18,0.912,-7.881,0.0,0.088,-0.329
23.145,40.44,MONO,1111,alb061,-0.355,-7.89,0.6,0.4,1.072,-7.44,0.0,-1.427,-0.45
23.7,40.219,NIKI,1111,alb061,-1.276,-8.537,0.6,0.5,0.659,-8.144,0.0,-1.935,-0.393
22.347,40.476,PLLT,1111,alb061,0.345,-7.823,0.5,0.4,0.913,-7.979,0.0,-0.568,0.156
23.331,40.356,SEMA,1111,alb061,-0.363,-9.006,0.6,0.5,0.869,-7.758,0.0,-1.232,-1.248
23.444,40.373,POLZ,1111,alb061,1.097,-6.933,0.2,0.3,0.901,-7.767,0.0,0.196,0.834
22.521,40.27,KATE,1111,alb061,0.996,-7.547,0.756,0.676,0.912,-7.881,0.0,0.084,0.334
23.186,39.361,CG05,1111,alb062,-4.231,-16.418,0.8,0.7,-5.469,-14.272,0.0,1.238,-2.146
22.389,39.912,GDMN,1111,alb062,-0.72,-8.417,0.4,0.5,0.09,-8.398,0.0,-0.81,-0.019
23.186,39.361,CG05,1111,alb062,-6.888,-15.235,1.0,1.1,-5.469,-14.272,0.0,-1.419,-0.963
21.4381,40.0847,GREV,1111,alb063,0.36,-4.8,0.17,0.2,0.21,-4.255,0.0,0.15,-0.545
21.394,39.634,TRIG,1111,alb063,-0.973,-4.542,0.4,0.5,-0.898,-4.319,0.0,-0.075,-0.223
22.0144,39.5647,KLOK,1111,alb064,-2.8,-8.31,0.14,0.12,-2.759,-8.189,0.0,-0.041,-0.121
22.3879,39.6141,LARM,1111,alb064,-2.5,-9.41,0.14,0.14,-2.498,-9.193,0.0,-0.002,-0.217
21.843,39.559,071A,1111,alb064,-2.793,-6.432,0.39,0.39,-2.815,-7.492,0.0,0.022,1.06
22.902,39.412,CG04,1111,alb064,-8.841,-12.225,6.7,4.6,-3.367,-10.761,0.0,-5.474,-1.464
21.878,39.839,DE30,1111,alb064,-2.633,-5.744,2.4,2.5,-1.358,-7.532,0.0,-1.275,1.788
22.332,39.433,CG03,1111,alb064,-1.842,-8.224,0.3,0.3,-3.094,-8.829,0.0,1.252,0.605
21.846,39.676,LIPO,1111,alb064,-3.781,-11.085,0.6,0.6,-2.175,-7.49,0.0,-1.606,-3.595
21.936,39.764,OXIA,1111,alb064,-4.295,-9.674,1.3,1.0,-1.75,-7.806,0.0,-2.545,-1.868
22.62,39.49,CG01,1111,alb064,-3.794,-9.74,0.3,0.3,-2.989,-9.791,0.0,-0.805,0.051
22.241,39.608,CG02,1111,alb064,-2.797,-9.542,0.3,0.3,-2.508,-8.809,0.0,-0.289,-0.733
22.332,39.433,CG03,1111,alb064,-3.094,-7.741,0.3,0.3,-3.094,-8.829,0.0,0.0,1.088
22.014,39.565,KLOK,1111,alb064,-2.485,-7.885,0.443,0.418,-2.757,-8.188,0.0,0.272,0.303
21.9226,39.3665,KRDI,1111,alb065,-4.5,-8.41,0.18,0.19,-4.495,-8.453,0.0,-0.005,0.043
22.8872,39.353,VOLO,1111,alb065,-4.3,-12.28,0.18,0.21,-4.706,-12.177,0.0,0.406,-0.103
21.958,39.237,CG06,1111,alb065,-5.01,-8.272,0.2,0.3,-5.459,-8.683,0.0,0.449,0.411
23.222,39.306,NEOH,1111,alb065,-5.387,-13.534,0.1,0.2,-5.223,-13.862,0.0,-0.164,0.328
21.958,39.237,CG06,1111,alb065,-5.493,-8.045,0.3,0.3,-5.459,-8.683,0.0,-0.034,0.638
22.887,39.353,VOLO,1111,alb065,-4.608,-10.997,0.988,1.006,-4.706,-12.176,0.0,0.098,1.179
22.4322,38.8982,LAMM,1111,alb066,-9.11,-12.71,0.33,0.34,-7.888,-11.372,0.0,-1.222,-1.338
22.371,38.903,072A,1111,alb066,-8.175,-10.563,0.39,0.39,-7.764,-10.882,0.0,-0.411,0.319
22.445,38.916,CG14,1111,alb066,-13.962,-14.364,3.4,2.9,-7.711,-11.461,0.0,-6.251,-2.903
22.242,39.089,CG08,1111,alb066,-4.987,-10.736,0.3,0.3,-6.377,-10.144,0.0,1.39,-0.592
22.812,39.148,CG09,1111,alb066,-5.497,-13.565,0.3,0.3,-6.397,-13.483,0.0,0.9,-0.082
23.254,39.146,CG10,1111,alb066,-7.498,-18.81,0.7,0.7,-6.512,-15.549,0.0,-0.986,-3.261
23.272,39.182,MKRH,1111,alb066,-5.703,-14.107,0.6,0.7,-6.31,-15.651,0.0,0.607,1.544
22.242,39.089,CG08,1111,alb066,-6.989,-10.742,0.4,0.4,-6.377,-10.144,0.0,-0.612,-0.598
22.812,39.148,CG09,1111,alb066,-6.686,-12.938,0.4,0.4,-6.397,-13.483,0.0,-0.289,0.545
23.254,39.146,CG10,1111,alb066,-6.885,-15.235,0.3,0.3,-6.512,-15.549,0.0,-0.373,0.314
23.468,39.165,SKIA,1111,alb066,-7.883,-17.633,0.9,0.8,-6.362,-16.683,0.0,-1.521,-0.95
22.432,38.898,LAM0,1111,alb066,-8.908,-11.931,1.526,1.417,-7.89,-11.37,0.0,-1.018,-0.561
23.6025,38.4654,HALK,1111,alb067,-14.01,-23.52,0.19,0.22,-14.411,-22.578,0.0,0.401,-0.942
23.1519,38.956,ISTI,1111,alb067,-8.81,-16.51,0.17,0.21,-9.145,-17.465,0.0,0.335,0.955
24.1052,38.6349,KYMI,1111,alb067,-14.61,-24.52,0.39,0.37,-12.895,-25.643,0.0,-1.715,1.123
24.113,38.574,025A,1111,alb067,-13.697,-24.014,0.37,0.37,-13.492,-25.672,0.0,-0.205,1.658
23.648,38.471,024A,1111,alb067,-14.311,-22.767,0.37,0.37,-14.379,-22.881,0.0,0.068,0.114
23.372,38.986,CG17,1111,alb067,-8.971,-18.295,0.6,0.6,-8.905,-19.346,0.0,-0.066,1.051
23.341,38.785,CG26,1111,alb067,-13.34,-21.999,0.7,0.8,-11.135,-18.323,0.0,-2.205,-3.676
23.463,38.843,CG27,1111,alb067,-8.248,-21.584,0.6,0.6,-10.453,-20.034,0.0,2.205,-1.55
23.54,38.445,CG35,1111,alb067,-13.185,-23.875,0.6,0.6,-14.81,-21.49,0.0,1.625,-2.385
23.587,38.643,CG36,1111,alb067,-11.516,-23.568,0.5,0.6,-12.811,-21.664,0.0,1.295,-1.904
23.718,38.632,CG37,1111,alb067,-14.813,-24.353,0.6,0.6,-12.918,-22.835,0.0,-1.895,-1.518
24.109,38.661,CG38,1111,alb067,-14.318,-24.604,0.6,0.6,-12.63,-25.683,0.0,-1.688,1.079
23.743,38.43,CG41,1111,alb067,-14.581,-24.749,0.6,0.6,-14.283,-23.185,0.0,-0.298,-1.564
23.963,38.388,CG52,1111,alb067,-15.675,-26.521,0.5,0.6,-14.602,-24.244,0.0,-1.073,-2.277
24.188,38.345,CG55,1111,alb067,-14.767,-26.593,0.5,0.5,-15.795,-26.288,0.0,1.028,-0.305
23.372,38.986,CG17,1111,alb067,-9.68,-16.633,0.7,0.7,-8.905,-19.346,0.0,-0.775,2.713
23.54,38.445,CG35,1111,alb067,-14.071,-22.033,0.6,0.6,-14.81,-21.49,0.0,0.739,-0.543
24.109,38.661,CG38,1111,alb067,-13.37,-23.429,0.5,0.5,-12.63,-25.683,0.0,-0.74,2.254
23.603,38.465,HALK,1111,alb067,-13.952,-22.485,1.031,0.699,-14.417,-22.586,0.0,0.465,0.101
22.976,38.863,026A,1111,alb068,-8.251,-15.961,0.51,0.49,-8.963,-15.476,0.0,0.712,-0.485
22.945,38.888,NEVA,1111,alb068,-8.755,-14.949,0.2,0.3,-8.773,-15.201,0.0,0.018,0.252
22.945,38.888,NEVA,1111,alb068,-9.182,-14.437,0.2,0.2,-8.773,-15.201,0.0,-0.409,0.764
22.945,38.888,NEVA,1111,alb068,-8.746,-14.817,0.44,0.42,-8.773,-15.201,0.0,0.027,0.384
23.034,38.755,ARKI,1111,alb068,-9.744,-18.671,0.921,0.633,-8.816,-16.101,0.0,-0.928,-2.57
22.9994,38.6531,ATAL,1111,alb069,-11.71,-19.79,0.21,0.27,-11.499,-19.249,0.0,-0.211,-0.541
22.806,38.752,CG21,1111,alb069,-8.233,-17.466,0.7,0.7,-9.883,-17.332,0.0,1.65,-0.134
22.939,38.294,CN00,1111,alb070,-14.795,-22.508,1.5,1.5,-14.35,-18.766,0.0,-0.445,-3.742
22.809,38.343,CP00,1111,alb070,-15.372,-18.725,1.5,1.5,-13.832,-18.309,0.0,-1.54,-0.416
22.869,38.428,CQ00,1111,alb070,-14.467,-19.717,1.5,1.5,-12.926,-18.88,0.0,-1.541,-0.837
22.72,38.324,CR00,1111,alb070,-17.662,-20.938,1.5,1.5,-14.025,-18.093,0.0,-3.637,-2.845
22.685,38.366,CR89,1111,alb070,-14.651,-15.943,1.5,1.5,-13.503,-18.176,0.0,-1.148,2.233
22.999,38.653,ATAL,1111,alb070,-11.482,-18.699,0.37,0.47,-10.845,-19.475,0.0,-0.637,0.776
22.999,38.653,ATAL,1111,alb070,-10.702,-18.417,0.22,0.25,-10.845,-19.475,0.0,0.143,1.058
22.732,38.516,015A,1111,alb070,-8.751,-19.219,0.41,0.4,-11.728,-18.035,0.0,2.977,-1.184
22.861,38.624,CG24,1111,alb070,-9.812,-20.459,0.6,0.6,-11.233,-18.555,0.0,1.421,-1.904
23.202,38.566,CG28,1111,alb070,-10.904,-22.816,0.5,0.6,-11.677,-21.973,0.0,0.773,-0.843
22.79,38.525,CG29,1111,alb070,-12.797,-17.268,1.0,0.8,-11.89,-18.372,0.0,-0.907,1.104
22.869,38.428,CG33,1111,alb070,-13.481,-21.558,0.5,0.5,-12.926,-18.88,0.0,-0.555,-2.678
23.222,38.427,CG34,1111,alb070,-14.081,-23.213,0.5,0.6,-13.061,-21.893,0.0,-1.02,-1.32
22.939,38.294,CN00,1111,alb070,-18.06,-24.65,1.1,1.1,-14.35,-18.766,0.0,-3.71,-5.884
22.809,38.343,CP00,1111,alb070,-14.268,-17.665,0.5,0.6,-13.832,-18.309,0.0,-0.436,0.644
22.623,38.651,CG20,1111,alb070,-8.48,-12.339,0.9,1.0,-11.446,-16.361,0.0,2.966,4.022
22.869,38.428,CG33,1111,alb070,-13.874,-17.238,0.8,0.9,-12.926,-18.88,0.0,-0.948,1.642
21.409,38.624,AGRI,1111,alb071,-11.11,-7.0,0.2,0.2,-7.061,-5.504,0.0,-4.049,-1.496
21.9251,38.5945,ANOC,1111,alb071,-10.45,-10.21,0.56,0.69,-12.527,-9.147,0.0,2.077,-1.063
21.8029,38.9119,KARP,1111,alb071,-8.19,-9.21,0.33,0.32,-7.96,-7.972,0.0,-0.23,-1.238
22.201,38.529,LIDO,1111,alb071,-12.21,-13.84,0.23,0.17,-13.999,-12.972,0.0,1.789,-0.868
22.397,38.64,A000,1111,alb071,-9.173,-13.683,1.5,1.5,-11.77,-15.327,0.0,2.597,1.644
22.263,38.472,B000,1111,alb071,-12.682,-10.101,1.5,1.5,-14.767,-13.559,0.0,2.085,3.458
22.557,38.493,CS00,1111,alb071,-12.816,-14.96,1.5,1.5,-15.423,-17.379,0.0,2.607,2.419
21.98,38.529,H000,1111,alb071,-12.235,-7.74,1.5,1.5,-13.846,-9.422,0.0,1.611,1.682
21.732,38.842,027A,1111,alb071,-7.727,-7.559,0.44,0.42,-8.731,-7.107,0.0,1.004,-0.452
22.499,38.614,CG23,1111,alb071,-8.317,-12.159,1.2,1.1,-12.588,-16.24,0.0,4.271,4.081
22.263,38.472,B000,1111,alb071,-15.589,-12.234,1.4,1.4,-14.767,-13.559,0.0,-0.822,1.325
22.397,38.64,CG22,1111,alb071,-13.015,-13.617,1.8,1.6,-11.77,-15.327,0.0,-1.245,1.71
22.557,38.493,CS00,1111,alb071,-12.791,-16.897,0.5,0.6,-15.423,-17.379,0.0,2.632,0.482
21.98,38.529,H000,1111,alb071,-12.297,-8.069,1.3,1.3,-13.846,-9.422,0.0,1.549,1.353
22.197,38.607,LEVK,1111,alb071,-14.509,-14.742,0.6,0.6,-12.635,-12.72,0.0,-1.874,-2.022
21.486,38.655,PRSL,1111,alb071,-6.316,-6.83,0.6,0.6,-8.195,-4.59,0.0,1.879,-2.24
21.165,38.864,AMFI,1111,alb071,-6.749,-2.17,0.2,0.4,-5.775,-6.57,0.0,-0.974,4.4
21.165,38.864,AMFI,1111,alb071,-7.493,-2.95,0.1,0.1,-5.775,-6.57,0.0,-1.718,3.62
21.291,38.697,L2PE,1111,alb071,-11.389,-5.549,0.6,0.8,-9.181,-8.723,0.0,-2.208,3.174
21.486,38.655,PRSL,1111,alb071,-8.987,-5.148,0.6,0.6,-8.195,-4.59,0.0,-0.792,-0.558
21.409,38.624,AGRI,1111,alb071,-10.414,-6.507,0.826,0.828,-7.061,-5.504,0.0,-3.353,-1.003
21.803,38.912,KARP,1111,alb071,-7.249,-9.065,1.631,3.572,-7.959,-7.973,0.0,0.71,-1.092
22.201,38.529,LIDO,1111,alb071,-11.717,-13.419,0.986,0.776,-13.999,-12.972,0.0,2.282,-0.447
21.9284,38.4268,EYPA,1111,alb072,-12.91,-12.21,0.14,0.17,-12.734,-11.978,0.0,-0.176,-0.232
22.4302,38.431,ITEA,1111,alb072,-13.61,-16.81,0.25,0.21,-14.096,-16.116,0.0,0.486,-0.694
22.273,38.385,CT49,1111,alb072,-15.296,-14.599,1.5,1.5,-15.016,-14.745,0.0,-0.28,0.146
21.903,38.445,I000,1111,alb072,-14.038,-7.95,1.5,1.5,-13.937,-10.927,0.0,-0.101,2.977
22.016,38.41,M000,1111,alb072,-14.858,-10.835,1.5,1.5,-13.167,-13.397,0.0,-1.691,2.562
22.115,38.393,O001,1111,alb072,-13.973,-13.322,1.5,1.5,-14.473,-13.8,0.0,0.5,0.478
22.577,38.399,V000,1111,alb072,-14.134,-15.058,1.5,1.5,-13.927,-17.24,0.0,-0.207,2.182
22.142,38.397,CG30,1111,alb072,-13.776,-19.649,3.3,2.6,-14.545,-13.943,0.0,0.769,-5.706
22.577,38.399,CG32,1111,alb072,-13.677,-14.994,0.6,0.7,-13.927,-17.24,0.0,0.25,2.246
21.903,38.445,I000,1111,alb072,-11.283,-7.978,1.2,1.3,-13.937,-10.927,0.0,2.654,2.949
22.273,38.385,IT18,1111,alb072,-14.774,-15.932,0.4,0.5,-15.016,-14.745,0.0,0.242,-1.187
22.016,38.41,M000,1111,alb072,-13.778,-12.264,0.4,0.5,-13.167,-13.397,0.0,-0.611,1.133
22.142,38.397,KLLI,1111,alb072,-12.478,-13.143,0.5,0.6,-14.545,-13.943,0.0,2.067,0.8
21.928,38.427,EYPA,1111,alb072,-12.939,-12.02,0.5,0.574,-12.731,-11.978,0.0,-0.208,-0.042
21.8714,38.3287,PSAT,1111,alb073,-14.61,-16.68,0.74,0.99,-14.824,-15.017,0.0,0.214,-1.663
22.0727,38.3654,TRIZ,1111,alb073,-15.91,-14.71,0.22,0.22,-15.228,-15.478,0.0,-0.682,0.768
21.9118,38.3852,XILI,1111,alb073,-13.61,-14.81,0.39,0.44,-14.301,-14.683,0.0,0.691,-0.127
22.133,38.361,C216,1111,alb073,-19.18,-14.919,1.5,1.5,-15.402,-15.048,0.0,-3.778,0.129
22.24,38.356,C075,1111,alb073,-16.294,-16.305,1.5,1.5,-15.447,-14.844,0.0,-0.847,-1.461
22.392,38.376,CT00,1111,alb073,-13.512,-13.583,1.5,1.5,-15.368,-14.912,0.0,1.856,1.329
22.285,38.348,CU00,1111,alb073,-17.203,-12.997,1.5,1.5,-15.449,-14.83,0.0,-1.754,1.833
21.849,38.339,J000,1111,alb073,-11.147,-13.558,1.5,1.5,-14.732,-15.015,0.0,3.585,1.457
21.939,38.328,N000,1111,alb073,-12.76,-20.346,1.5,1.5,-15.188,-15.094,0.0,2.428,-5.252
22.066,38.373,O106,1111,alb073,-17.57,-13.428,1.5,1.5,-15.202,-15.58,0.0,-2.368,2.152
22.412,38.412,S000,1111,alb073,-13.509,-13.981,1.5,1.5,-15.293,-14.758,0.0,1.784,0.777
22.285,38.348,CG31,1111,alb073,-12.069,-13.43,9.1,6.6,-15.449,-14.83,0.0,3.38,1.4
22.392,38.376,CT00,1111,alb073,-17.372,-15.817,1.4,1.4,-15.368,-14.912,0.0,-2.004,-0.905
21.849,38.339,DREP,1111,alb073,-11.666,-15.485,0.5,0.4,-14.732,-15.015,0.0,3.066,-0.47
21.939,38.328,N000,1111,alb073,-12.664,-23.474,1.3,1.4,-15.188,-15.094,0.0,2.524,-8.38
22.285,38.348,CG31,1111,alb073,-13.277,-16.141,0.6,0.7,-15.449,-14.83,0.0,2.172,-1.311
22.073,38.365,TRIZ,1111,alb073,-16.454,-14.756,0.64,0.612,-15.229,-15.472,0.0,-1.225,0.716
22.1843,38.3217,PSAR,1111,alb074,-15.31,-15.73,0.18,0.15,-14.993,-16.168,0.0,-0.317,0.438
23.3184,38.3166,THIV,1111,alb074,-15.21,-22.72,0.2,0.23,-15.28,-22.849,0.0,0.07,0.129
22.956,38.216,CM00,1111,alb074,-19.209,-19.905,1.5,1.5,-16.828,-19.241,0.0,-2.381,-0.664
22.822,38.265,CV00,1111,alb074,-11.985,-17.123,1.5,1.5,-16.32,-18.979,0.0,4.335,1.856
22.589,38.302,W000,1111,alb074,-15.949,-15.656,1.5,1.5,-15.147,-18.776,0.0,-0.802,3.12
23.386,38.294,014A,1111,alb074,-15.627,-24.397,0.45,0.44,-15.479,-23.426,0.0,-0.148,-0.971
22.864,38.261,CG45,1111,alb074,-11.755,-18.859,1.3,1.3,-16.353,-19.12,0.0,4.598,0.261
23.029,38.253,CG46,1111,alb074,-15.954,-21.738,0.8,0.7,-16.575,-20.202,0.0,0.621,-1.536
22.956,38.216,CM00,1111,alb074,-18.547,-20.247,1.1,1.1,-16.828,-19.241,0.0,-1.719,-1.006
22.184,38.322,PSAR,1111,alb074,-13.261,-18.385,5.459,8.468,-14.994,-16.166,0.0,1.733,-2.219
23.318,38.317,THI0,1111,alb074,-15.409,-21.169,0.741,0.525,-15.274,-22.844,0.0,-0.135,1.675
21.9731,38.3204,LAMB,1111,alb075,-12.61,-20.64,0.26,0.36,-13.327,-21.708,0.0,0.717,1.068
21.8923,38.308,ROD3,1111,alb075,-13.51,-23.41,0.98,0.94,-13.097,-20.974,0.0,-0.413,-2.436
22.1348,38.2337,VALI,1111,alb075,-16.51,-25.82,0.8,0.72,-14.165,-23.084,0.0,-2.345,-2.736
22.851,38.028,CL00,1111,alb075,-18.322,-22.82,1.5,1.5,-14.42,-25.605,0.0,-3.902,2.785
22.134,38.237,D000,1111,alb075,-12.099,-25.019,1.5,1.5,-14.133,-23.043,0.0,2.034,-1.976
22.057,38.276,D004,1111,alb075,-12.882,-20.73,1.5,1.5,-13.808,-22.454,0.0,0.926,1.724
21.937,38.302,N730,1111,alb075,-13.363,-23.246,1.5,1.5,-13.553,-21.431,0.0,0.19,-1.815
22.029,38.263,P000,1111,alb075,-14.481,-24.833,1.5,1.5,-13.937,-22.463,0.0,-0.544,-2.37
22.013,38.276,P226,1111,alb075,-11.177,-25.136,1.5,1.5,-13.812,-22.325,0.0,2.635,-2.811
21.973,38.32,LAMB,1111,alb075,-12.594,-21.503,0.18,0.08,-13.333,-21.711,0.0,0.739,0.208
22.945,38.021,CG47,1111,alb075,-15.616,-26.649,0.4,0.4,-14.531,-26.084,0.0,-1.085,-0.565
23.213,38.097,CG49,1111,alb075,-15.928,-26.215,0.4,0.4,-14.535,-27.035,0.0,-1.393,0.82
22.134,38.237,D000,1111,alb075,-11.45,-23.95,1.4,1.4,-14.133,-23.043,0.0,2.683,-0.907
22.085,38.215,E106,1111,alb075,-12.746,-27.355,0.7,0.8,-14.449,-22.891,0.0,1.703,-4.464
22.239,38.181,T000,1111,alb075,-13.041,-22.237,1.5,1.5,-14.821,-23.691,0.0,1.78,1.454
21.8182,37.2895,KOPA,1111,alb076,-20.31,-26.62,0.26,0.26,-19.357,-24.608,0.0,-0.953,-2.012
22.6179,37.9723,KRYO,1111,alb076,-16.31,-26.74,0.17,0.17,-16.342,-26.753,0.0,0.032,0.013
21.733,38.2409,PATR,1111,alb076,-15.61,-21.69,0.19,0.24,-15.206,-23.819,0.0,-0.404,2.129
21.4622,37.6788,PYRG,1111,alb076,-18.51,-26.52,0.15,0.17,-17.549,-23.342,0.0,-0.961,-3.178
22.3694,37.5081,TRIP,1111,alb076,-17.21,-26.03,0.28,0.31,-18.555,-26.395,0.0,1.345,0.365
22.442,38.079,CA00,1111,alb076,-19.162,-19.176,1.5,1.5,-15.634,-25.88,0.0,-3.528,6.704
22.444,38.005,CB01,1111,alb076,-16.774,-25.776,1.5,1.5,-16.053,-26.113,0.0,-0.721,0.337
22.432,37.961,CC00,1111,alb076,-16.078,-26.478,1.5,1.5,-16.317,-26.184,0.0,0.239,-0.294
22.562,38.079,CE02,1111,alb076,-19.378,-26.761,1.5,1.5,-15.563,-26.307,0.0,-3.815,-0.454
22.539,38.048,CF01,1111,alb076,-15.78,-22.163,1.5,1.5,-15.755,-26.255,0.0,-0.025,4.092
22.643,38.01,CG00,1111,alb076,-17.399,-25.248,1.5,1.5,-16.049,-26.69,0.0,-1.35,1.442
22.731,37.979,CI00,1111,alb076,-17.615,-27.636,1.5,1.5,-16.472,-27.304,0.0,-1.143,-0.332
22.737,37.86,CJ00,1111,alb076,-18.232,-29.136,1.5,1.5,-17.122,-27.608,0.0,-1.11,-1.528
21.95,38.066,G000,1111,alb076,-16.701,-23.944,1.5,1.5,-15.847,-24.693,0.0,-0.854,0.749
21.808,38.105,L000,1111,alb076,-15.977,-23.163,1.5,1.5,-15.701,-24.205,0.0,-0.276,1.042
22.355,37.525,TR00,1111,alb076,-19.231,-25.589,1.5,1.5,-18.476,-26.34,0.0,-0.755,0.751
22.38,38.143,X000,1111,alb076,-15.945,-24.785,1.5,1.5,-15.627,-26.041,0.0,-0.318,1.256
22.559,38.095,Y002,1111,alb076,-15.775,-25.56,1.5,1.5,-15.555,-26.41,0.0,-0.22,0.85
22.371,38.047,Z001,1111,alb076,-14.958,-25.786,1.5,1.5,-15.817,-25.81,0.0,0.859,0.024
22.761,37.976,043A,1111,alb076,-15.556,-27.645,0.45,0.46,-16.534,-27.56,0.0,0.978,-0.085
22.739,37.589,002A,1111,alb076,-17.062,-27.017,0.39,0.38,-18.31,-27.71,0.0,1.248,0.693
22.124,37.899,013A,1111,alb076,-15.393,-24.751,0.48,0.5,-16.621,-25.369,0.0,1.228,0.618
21.899,37.43,VASS,1111,alb076,-16.82,-24.679,0.2,0.2,-18.753,-24.857,0.0,1.933,0.178
22.643,38.01,CG44,1111,alb076,-15.414,-28.586,0.5,0.5,-16.049,-26.69,0.0,0.635,-1.896
21.58,38.014,CG61,1111,alb076,-15.413,-26.618,0.7,0.8,-16.13,-23.458,0.0,0.717,-3.16
22.43,37.85,CG62,1111,alb076,-17.087,-27.313,1.8,1.9,-17.023,-26.367,0.0,-0.064,-0.946
22.737,37.86,CJ00,1111,alb076,-16.49,-28.174,0.8,0.8,-17.122,-27.608,0.0,0.632,-0.566
21.925,37.702,DOXA,1111,alb076,-20.963,-24.476,1.1,1.2,-17.563,-24.807,0.0,-3.4,0.331
21.95,38.066,G000,1111,alb076,-15.123,-24.872,1.3,1.3,-15.847,-24.693,0.0,0.724,-0.179
22.687,37.525,KIVE,1111,alb076,-18.636,-28.18,2.5,2.4,-18.568,-27.516,0.0,-0.068,-0.664
21.808,38.105,L000,1111,alb076,-14.729,-23.59,0.8,0.8,-15.701,-24.205,0.0,0.972,0.615
22.644,37.75,MLDR,1111,alb076,-16.972,-23.886,3.0,2.9,-17.575,-27.291,0.0,0.603,3.405
22.355,37.525,TR00,1111,alb076,-18.835,-29.023,0.7,0.7,-18.476,-26.34,0.0,-0.359,-2.683
22.38,38.143,X000,1111,alb076,-16.335,-25.418,0.7,0.7,-15.627,-26.041,0.0,-0.708,0.623
22.559,38.095,Y000,1111,alb076,-15.127,-26.596,0.8,0.8,-15.555,-26.41,0.0,0.428,-0.186
21.58,38.014,SNDO,1111,alb076,-16.213,-23.318,1.6,1.7,-16.13,-23.458,0.0,-0.083,0.14
21.014,37.25,STRF,1111,alb076,-19.488,-17.19,0.8,0.9,-19.337,-22.007,0.0,-0.151,4.817
21.644,37.49,ZAHA,1111,alb076,-23.429,-25.911,1.6,1.9,-18.425,-23.994,0.0,-5.004,-1.917
21.925,37.702,DOXA,1111,alb076,-19.768,-24.345,0.6,0.7,-17.563,-24.807,0.0,-2.205,0.462
21.58,38.014,SNDO,1111,alb076,-15.375,-22.647,0.6,0.7,-16.13,-23.458,0.0,0.755,0.811
21.014,37.25,STRF,1111,alb076,-18.965,-16.153,0.3,0.4,-19.337,-22.007,0.0,0.372,5.854
21.016,37.25,STRO,1111,alb076,-16.766,-17.952,1.0,1.3,-19.337,-22.014,0.0,2.571,4.062
21.644,37.49,ZAHA,1111,alb076,-22.966,-25.947,0.6,0.7,-18.425,-23.994,0.0,-4.541,-1.953
22.618,37.972,KRYO,1111,alb076,-16.704,-26.701,0.813,0.926,-16.344,-26.754,0.0,-0.36,0.053
21.733,38.241,PATR,1111,alb076,-15.426,-21.843,1.015,0.841,-15.204,-23.819,0.0,-0.222,1.976
21.462,37.679,PYR1,1111,alb076,-19.701,-26.595,1.181,1.322,-17.548,-23.341,0.0,-2.153,-3.254
22.369,37.508,TRIP,1111,alb076,-18.861,-28.569,1.801,1.317,-18.556,-26.394,0.0,-0.305,-2.175
21.8167,38.3011,ARSA,1111,alb077,-15.85,-19.22,0.34,0.36,-14.222,-22.295,0.0,-1.628,3.075
22.0458,38.2095,KOUN,1111,alb077,-14.31,-25.32,0.17,0.2,-14.681,-23.392,0.0,0.371,-1.928
21.7867,38.2837,PAT0,1111,alb077,-16.51,-20.82,0.22,0.24,-14.374,-22.047,0.0,-2.136,1.227
22.102,38.191,E000,1111,alb077,-15.002,-24.023,1.5,1.5,-14.926,-23.744,0.0,-0.076,-0.279
22.065,38.154,F000,1111,alb077,-16.502,-22.228,1.5,1.5,-15.241,-23.498,0.0,-1.261,1.27
21.889,38.257,K000,1111,alb077,-13.864,-23.753,1.5,1.5,-14.427,-22.789,0.0,0.563,-0.964
21.973,38.228,Q000,1111,alb077,-16.879,-24.341,1.5,1.5,-14.504,-22.984,0.0,-2.375,-1.357
21.954,38.194,R000,1111,alb077,-13.381,-27.443,1.5,1.5,-14.839,-23.046,0.0,1.458,-4.397
22.192,38.13,U000,1111,alb077,-14.722,-25.01,1.5,1.5,-15.528,-24.237,0.0,0.806,-0.773
22.135,38.152,U815,1111,alb077,-16.212,-24.719,1.5,1.5,-15.251,-23.821,0.0,-0.961,-0.898
22.316,38.152,011A,1111,alb077,-13.717,-23.701,0.37,0.38,-15.377,-25.079,0.0,1.66,1.378
21.789,38.295,012A,1111,alb077,-15.331,-20.05,0.44,0.44,-14.283,-22.056,0.0,-1.048,2.006
22.192,38.13,CG43,1111,alb077,-13.533,-23.542,1.5,1.5,-15.528,-24.237,0.0,1.995,0.695
22.102,38.191,E000,1111,alb077,-13.543,-22.554,0.9,1.0,-14.926,-23.744,0.0,1.383,1.19
22.065,38.154,F000,1111,alb077,-17.236,-22.358,1.8,2.0,-15.241,-23.498,0.0,-1.995,1.14
21.889,38.257,K000,1111,alb077,-8.953,-24.781,4.2,3.8,-14.427,-22.789,0.0,5.474,-1.992
21.954,38.194,R000,1111,alb077,-13.642,-29.171,0.5,0.5,-14.839,-23.046,0.0,1.197,-6.125
22.192,38.13,CG43,1111,alb077,-14.773,-24.842,0.6,0.7,-15.528,-24.237,0.0,0.755,-0.605
21.973,38.228,LAKA,1111,alb077,-15.077,-25.745,0.3,0.3,-14.504,-22.984,0.0,-0.573,-2.761
22.046,38.209,KOUN,1111,alb077,-14.161,-25.082,0.598,0.753,-14.685,-23.398,0.0,0.524,-1.684
21.787,38.284,PAT0,1111,alb077,-15.836,-20.907,0.934,0.55,-14.371,-22.049,0.0,-1.465,1.142
20.9917,39.1588,ARTA,1111,alb078,-6.4,-4.93,0.27,0.24,-3.209,-12.987,0.0,-3.191,8.057
20.5417,38.3778,ASSO,1111,alb078,-6.22,-10.51,0.42,0.75,-6.352,-7.81,0.0,0.132,-2.7
20.6186,38.754,EXAN,1111,alb078,-6.13,-9.85,0.9,0.59,-3.114,-8.106,0.0,-3.016,-1.744
20.5771,38.4597,FISK,1111,alb078,-7.11,-12.21,0.37,0.75,-5.59,-7.939,0.0,-1.52,-4.271
21.7664,38.3341,GEYB,1111,alb078,-12.49,-12.41,0.19,0.26,-6.83,-17.925,0.0,-5.66,5.515
20.3483,38.2032,KIPO,1111,alb078,-5.1,-4.31,0.46,0.33,-8.238,-6.25,0.0,3.138,1.94
20.7121,38.8345,LFKD,1111,alb078,-3.77,-14.01,0.41,0.5,-2.702,-8.776,0.0,-1.068,-5.234
21.4749,38.3664,MESO,1111,alb078,-10.69,-12.61,0.35,0.4,-6.539,-14.277,0.0,-4.151,1.667
20.5852,38.619,PONT,1111,alb078,-3.9,-7.2,0.34,0.28,-4.583,-7.602,0.0,0.683,0.402
21.4647,38.0558,RLSO,1111,alb078,-13.97,-22.82,0.21,0.16,-9.935,-15.441,0.0,-4.035,-7.379
20.6594,38.1009,SISS,1111,alb078,-5.7,-16.21,0.76,1.43,-9.353,-8.746,0.0,3.653,-7.464
20.6736,38.7813,SPAN,1111,alb078,-2.9,-10.21,0.26,0.22,-2.951,-8.51,0.0,0.051,-1.7
20.5886,38.1768,VLSM,1111,alb078,-6.5,-10.41,0.24,0.23,-8.516,-8.195,0.0,2.016,-2.215
20.885,37.7792,ZAKY,1111,alb078,-10.71,-16.01,0.26,0.35,-12.946,-10.699,0.0,2.236,-5.311
21.142,37.89,CG59,1111,alb078,-16.492,-24.773,0.5,0.5,-11.713,-12.826,0.0,-4.779,-11.947
20.656,38.791,1KVL,1111,alb078,-3.435,-8.633,1.1,1.3,-2.847,-8.274,0.0,-0.588,-0.359
20.987,39.162,ARTB,1111,alb078,-6.395,-3.693,0.7,0.6,-3.534,-13.062,0.0,-2.861,9.369
20.548,38.371,ASSO,1111,alb078,-7.868,-5.847,1.3,1.6,-6.425,-7.859,0.0,-1.443,2.012
21.12,38.494,ATKO,1111,alb078,-9.089,-14.576,1.7,2.3,-5.123,-11.605,0.0,-3.966,-2.971
20.542,38.563,DUKA,1111,alb078,-4.698,-4.247,0.1,0.1,-4.976,-7.205,0.0,0.278,2.958
20.577,38.46,FISK,1111,alb078,-4.481,-6.743,1.2,1.1,-5.587,-7.938,0.0,1.106,1.195
20.342,38.18,GERO,1111,alb078,-6.036,-2.673,0.1,0.1,-8.493,-6.19,0.0,2.457,3.517
20.808,37.655,KERI,1111,alb078,-15.453,-14.415,0.1,0.1,-14.334,-10.066,0.0,-1.119,-4.349
20.989,37.723,KSSI,1111,alb078,-15.264,-16.092,1.6,1.8,-13.6,-11.609,0.0,-1.664,-4.483
20.509,38.132,LKTR,1111,alb078,-9.929,-7.752,1.4,1.8,-9.005,-7.564,0.0,-0.924,-0.188
21.122,38.37,MESS,1111,alb078,-12.568,-14.676,1.7,2.2,-6.392,-12.035,0.0,-6.176,-2.641
20.732,38.364,SARA,1111,alb078,-8.167,-9.725,2.3,2.8,-6.524,-9.252,0.0,-1.643,-0.473
20.702,37.931,SKIN,1111,alb078,-10.797,-10.328,0.1,0.2,-11.237,-9.1,0.0,0.44,-1.228
20.678,38.167,TSAR,1111,alb078,-7.235,-7.931,1.7,2.2,-8.58,-8.879,0.0,1.345,0.948
20.573,38.607,VASI,1111,alb078,-3.505,-9.344,1.3,1.6,-4.677,-7.473,0.0,1.172,-1.871
20.846,38.91,VONW,1111,alb078,-4.955,-10.31,1.2,1.5,-2.259,-10.016,0.0,-2.696,-0.294
20.799,37.675,LOGO,1111,alb078,-13.543,-14.331,0.5,0.6,-14.11,-9.984,0.0,0.567,-4.347
20.542,38.563,DUKA,1111,alb078,-4.291,-3.855,0.2,0.2,-4.976,-7.205,0.0,0.685,3.35
20.342,38.18,GERO,1111,alb078,-5.385,-2.757,0.101,0.101,-8.493,-6.19,0.0,3.108,3.433
20.808,37.655,KERI,1111,alb078,-14.773,-14.754,0.101,0.101,-14.334,-10.066,0.0,-0.439,-4.688
20.702,37.931,SKIN,1111,alb078,-9.079,-11.954,0.1,0.1,-11.237,-9.1,0.0,2.158,-2.854
20.656,38.791,1KVL,1111,alb078,-3.394,-9.654,0.4,0.4,-2.847,-8.274,0.0,-0.547,-1.38
20.988,39.166,ARTA,1111,alb078,-6.798,-3.753,0.2,0.2,-3.802,-13.195,0.0,-2.996,9.442
20.548,38.371,ASSO,1111,alb078,-6.088,-6.356,0.5,0.6,-6.425,-7.859,0.0,0.337,1.503
21.12,38.494,ATKO,1111,alb078,-7.886,-15.451,0.7,0.9,-5.123,-11.605,0.0,-2.763,-3.846
21.142,37.89,CHLE,1111,alb078,-17.676,-25.551,1.0,1.2,-11.713,-12.826,0.0,-5.963,-12.725
20.577,38.46,FISK,1111,alb078,-4.688,-6.254,0.2,0.3,-5.587,-7.938,0.0,0.899,1.684
20.372,38.221,K2AM,1111,alb078,-6.085,-2.257,2.5,2.6,-8.044,-6.451,0.0,1.959,4.194
21.136,37.941,KILL,1111,alb078,-13.677,-18.851,0.7,0.9,-11.137,-12.74,0.0,-2.54,-6.111
20.989,37.723,KSSI,1111,alb078,-13.573,-17.752,1.1,1.3,-13.6,-11.609,0.0,0.027,-6.143
20.509,38.132,LKTR,1111,alb078,-8.184,-8.255,0.3,0.4,-9.005,-7.564,0.0,0.821,-0.691
21.122,38.37,MESS,1111,alb078,-11.683,-15.451,0.7,0.8,-6.392,-12.035,0.0,-5.291,-3.416
20.732,38.364,SARA,1111,alb078,-8.886,-8.954,0.9,1.0,-6.524,-9.252,0.0,-2.362,0.298
20.678,38.167,TSAR,1111,alb078,-6.383,-9.454,0.8,0.9,-8.58,-8.879,0.0,2.197,-0.575
20.573,38.607,VASI,1111,alb078,-4.491,-7.555,0.6,0.6,-4.677,-7.473,0.0,0.186,-0.082
20.846,38.91,VONW,1111,alb078,-4.395,-10.753,0.5,0.6,-2.259,-10.016,0.0,-2.136,-0.737
20.69,38.85,LEFK,1111,alb078,-2.409,-10.852,0.76,0.79,-2.561,-8.519,0.0,0.152,-2.333
20.348,38.203,KIPO,1111,alb078,-5.872,-4.077,1.098,0.903,-8.24,-6.248,0.0,2.368,2.171
20.712,38.835,LEFK,1111,alb078,0.94,-12.805,0.795,0.678,-2.696,-8.775,0.0,3.636,-4.03
20.585,38.619,PONT,1111,alb078,-2.833,-6.301,1.041,0.723,-4.583,-7.6,0.0,1.75,1.299
21.465,38.056,RLS0,1111,alb078,-13.881,-22.227,0.475,0.382,-9.933,-15.443,0.0,-3.948,-6.784
21.465,38.056,RLSO,1111,alb078,-13.895,-22.16,0.555,0.459,-9.933,-15.443,0.0,-3.962,-6.717
20.674,38.781,SPAN,1111,alb078,-2.211,-9.414,0.514,0.562,-2.954,-8.515,0.0,0.743,-0.899
20.589,38.177,VLSM,1111,alb078,-6.145,-9.431,0.482,0.373,-8.513,-8.198,0.0,2.368,-1.233
19.2524,42.4446,POD1,1111,alb079,0.2,1.1,0.16,0.32,0.179,1.212,0.0,0.021,-0.112
17.864,43.121,ALAD,1111,alb079,2.686,2.063,0.68,0.74,0.681,2.565,0.0,2.005,-0.502
17.864,43.121,ALAD,1111,alb079,1.46,3.078,1.0,1.0,0.681,2.565,0.0,0.779,0.513
19.1842,42.1867,DRME,1111,alb080,0.0,1.6,0.17,0.16,-0.123,1.512,0.0,0.123,0.088
19.4963,42.0506,SHKO,1111,alb080,-0.5,1.0,0.18,0.17,-0.398,1.165,0.0,-0.102,-0.165
16.4385,43.5066,SPLT,1111,alb080,1.0,3.3,0.17,0.18,1.137,3.423,0.0,-0.137,-0.123
19.576,42.317,BZHE,1111,alb080,0.874,0.349,1.199,1.206,-0.083,0.956,0.0,0.957,-0.607
19.437,42.333,HOTI,1111,alb080,-0.619,1.27,1.229,1.235,-0.066,1.138,0.0,-0.553,0.132
19.444,42.061,SHIR,1111,alb080,0.49,0.467,1.251,1.26,-0.31,1.231,0.0,0.8,-0.764
19.485,42.041,SHKO,1111,alb080,-0.861,0.842,0.9,0.5,-0.359,1.173,0.0,-0.502,-0.331
19.496,42.051,SHK0,1111,alb080,-0.908,1.379,0.556,0.78,-0.397,1.166,0.0,-0.511,0.213
16.438,43.507,SPLT,1111,alb080,1.229,3.761,0.409,0.46,1.135,3.424,0.0,0.094,0.337
16.593,43.6,KAPE,1111,alb081,0.669,4.193,0.38,0.19,0.902,4.211,0.0,-0.233,-0.018
16.593,43.6,KAPE,1111,alb081,1.406,4.326,0.3,0.3,0.902,4.211,0.0,0.504,0.115
16.593,43.6,KAPE,1111,alb081,0.045,3.952,1.0,1.0,0.902,4.211,0.0,-0.857,-0.259
16.876,43.608,DONJ,1111,alb082,0.84,3.797,0.44,0.54,-0.258,3.715,0.0,1.098,0.082
16.485,43.791,SVIL,1111,alb082,-0.733,4.516,0.3,0.4,0.179,4.257,0.0,-0.912,0.259
16.876,43.608,TIJA,1111,alb082,0.421,2.976,1.0,1.0,-0.258,3.715,0.0,0.679,-0.739
18.6983,42.432,TIVA,1111,alb083,0.3,2.4,0.13,0.17,0.084,2.769,0.0,0.216,-0.369
17.01,43.295,MSKA,1111,alb083,0.707,3.81,0.72,0.84,0.329,3.372,0.0,0.378,0.438
15.23,44.119,ZADA,1111,alb083,-1.099,3.831,0.22,0.28,0.532,4.056,0.0,-1.631,-0.225
15.644,43.655,ZIRJ,1111,alb083,0.912,3.858,0.28,0.28,0.59,3.901,0.0,0.322,-0.043
15.23,44.119,ZADA,1111,alb083,2.062,4.882,0.3,0.3,0.532,4.056,0.0,1.53,0.826
15.644,43.655,ZIRJ,1111,alb083,1.359,3.359,1.0,1.0,0.59,3.901,0.0,0.769,-0.542
15.23,44.119,ZADA,1111,alb083,-1.155,4.112,1.0,1.0,0.532,4.056,0.0,-1.687,0.056
17.01,43.295,MAKA,1111,alb083,1.904,5.16,1.0,1.0,0.329,3.372,0.0,1.575,1.788
16.449,43.179,AD01,1111,alb084,0.146,3.34,0.77,0.71,1.211,4.507,0.0,-1.065,-1.167
16.449,43.177,HVAR,1111,alb084,1.467,4.38,0.6,0.21,1.208,4.507,0.0,0.259,-0.127
16.449,43.177,HVAR,1111,alb084,1.438,5.116,0.3,0.3,1.208,4.507,0.0,0.23,0.609
16.598,43.144,SVET,1111,alb084,1.241,5.005,1.0,1.0,1.187,4.407,0.0,0.054,0.598
16.449,43.177,HVAR,1111,alb084,3.304,4.673,1.0,1.0,1.208,4.507,0.0,2.096,0.166
18.1103,42.6502,DUB2,1111,alb085,1.4,3.8,0.22,0.28,1.124,3.798,0.0,0.276,0.002
18.1104,42.65,DUBR,1111,alb085,0.6,3.6,0.38,0.43,1.123,3.796,0.0,-0.523,-0.196
17.953,42.645,ANDA,1111,alb085,0.897,4.855,0.21,0.25,1.035,3.773,0.0,-0.138,1.082
18.061,42.658,DBRK,1111,alb085,1.087,3.736,0.11,0.13,1.054,3.737,0.0,0.033,-0.001
18.386,42.499,ILIN,1111,alb085,1.682,2.951,0.17,0.25,1.136,3.749,0.0,0.546,-0.798
17.457,42.874,IVAN,1111,alb085,0.848,4.266,0.14,0.19,1.106,3.979,0.0,-0.258,0.287
16.114,43.03,VHUM,1111,alb085,1.087,3.925,0.29,0.71,1.248,4.456,0.0,-0.161,-0.531
18.386,42.499,ILIN,1111,alb085,-0.032,5.238,0.3,0.4,1.136,3.749,0.0,-1.168,1.489
18.386,42.499,ILIN,1111,alb085,2.108,2.76,1.0,1.0,1.136,3.749,0.0,0.972,-0.989
18.061,42.658,DUBR,1111,alb085,1.509,3.571,1.0,1.0,1.054,3.737,0.0,0.455,-0.166
16.114,43.03,VIS_,1111,alb085,1.516,3.847,1.0,1.0,1.248,4.456,0.0,0.268,-0.609
18.11,42.65,DUBR,1111,alb085,0.771,3.99,0.571,0.603,1.122,3.795,0.0,-0.351,0.195
16.861,42.752,SVJU,1111,alb086,1.138,3.507,0.15,0.54,1.104,4.104,0.0,0.034,-0.597
16.861,42.752,SVET,1111,alb086,1.006,3.696,1.0,1.0,1.104,4.104,0.0,-0.098,-0.408
16.255,42.393,GRUZ,1111,alb087,1.263,4.457,0.11,0.13,1.245,4.458,0.0,0.018,-0.001
16.255,42.393,PALA,1111,alb087,1.774,4.577,1.0,1.0,1.245,4.458,0.0,0.529,0.119
17.7325,40.3418,AVET,1111,alb088,1.0,4.2,0.21,0.28,0.839,4.075,0.0,0.161,0.125
18.3473,39.8333,CASR,1111,alb088,0.8,4.1,0.17,0.19,1.075,4.27,0.0,-0.275,-0.17
17.359,40.8348,FASA,1111,alb088,1.1,4.3,0.12,0.11,0.623,3.946,0.0,0.477,0.354
18.43,40.1244,GIUR,1111,alb088,1.0,3.9,0.09,0.09,0.934,4.3,0.0,0.066,-0.4
18.3346,40.2779,MELE,1111,alb088,1.1,3.9,0.21,0.21,0.857,4.27,0.0,0.243,-0.37
18.3422,39.8386,PATU,1111,alb088,0.7,3.8,0.26,0.26,1.076,4.268,0.0,-0.376,-0.468
17.9646,40.3852,SASA,1111,alb088,1.1,4.0,0.08,0.1,0.813,4.148,0.0,0.287,-0.148
18.4672,40.0723,SCTE,1111,alb088,0.9,3.8,0.09,0.09,0.963,4.302,0.0,-0.063,-0.502
17.7041,40.6559,SVDN,1111,alb088,0.9,4.3,0.19,0.21,0.701,4.06,0.0,0.199,0.24
18.162,39.9277,UGEN,1111,alb088,0.9,4.1,0.1,0.11,1.03,4.211,0.0,-0.13,-0.111
18.1115,40.3349,USAL,1111,alb088,1.1,4.1,0.11,0.13,0.836,4.199,0.0,0.264,-0.099
18.458,40.063,SPEC,1111,alb088,0.444,4.902,0.47,0.34,0.962,4.3,0.0,-0.518,0.602
18.151,40.051,ELEU,1111,alb088,0.694,4.204,0.6,0.6,0.97,4.203,0.0,-0.276,0.001
17.479,40.757,MSPE,1111,alb088,2.017,4.118,0.5,0.5,0.655,3.988,0.0,1.362,0.13
18.458,40.063,SPEC,1111,alb088,0.248,4.345,0.3,0.3,0.962,4.3,0.0,-0.714,0.045
18.467,40.072,SCTE,1111,alb088,0.775,4.215,0.21,0.14,0.963,4.302,0.0,-0.188,-0.087
18.467,40.072,SCTE,1111,alb088,1.019,4.266,0.17,0.1,0.963,4.302,0.0,0.056,-0.036
18.467,40.072,SCTE,1111,alb088,0.917,4.564,0.45,0.53,0.963,4.302,0.0,-0.046,0.262
18.458,40.063,SPE1,1111,alb088,1.671,4.228,0.5,0.6,0.962,4.3,0.0,0.709,-0.072
18.458,40.063,SPEC,1111,alb088,0.696,4.639,0.52,0.54,0.962,4.3,0.0,-0.266,0.339
18.467,40.072,SCTE,1111,alb088,0.715,3.972,0.22,0.32,0.963,4.302,0.0,-0.248,-0.33
17.359,40.835,FAS1,1111,alb088,1.477,4.689,0.523,0.496,0.623,3.946,0.0,0.854,0.743
18.43,40.124,GIUR,1111,alb088,1.054,4.253,0.405,0.396,0.934,4.3,0.0,0.12,-0.047
17.965,40.385,SASA,1111,alb088,1.19,4.325,0.389,0.39,0.813,4.148,0.0,0.377,0.177
18.162,39.928,UGEN,1111,alb088,1.186,4.397,0.417,0.39,1.03,4.211,0.0,0.156,0.186
18.111,40.335,USAL,1111,alb088,1.094,4.226,0.627,0.593,0.836,4.199,0.0,0.258,0.027
16.6042,41.1956,MLFT,1111,alb089,1.1,3.9,0.14,0.15,1.297,4.498,0.0,-0.197,-0.598
16.5851,41.1844,MOLF,1111,alb089,0.7,4.83,0.21,0.25,1.295,4.5,0.0,-0.595,0.33
16.9045,41.0164,VAL1,1111,alb089,1.2,4.1,0.1,0.12,1.289,4.467,0.0,-0.089,-0.367
16.149,41.373,MARX,1111,alb089,2.373,5.166,0.16,0.15,1.29,4.55,0.0,1.083,0.616
16.149,41.373,MARG,1111,alb089,1.509,4.639,0.31,0.17,1.29,4.55,0.0,0.219,0.089
15.91,41.712,MSAG,1111,alb089,1.009,4.259,0.21,0.12,1.32,4.566,0.0,-0.311,-0.307
15.744,41.755,SGRT,1111,alb089,1.237,4.759,0.23,0.17,1.319,4.59,0.0,-0.082,0.169
16.905,41.016,VAL1,1111,alb089,1.445,5.037,0.29,0.18,1.29,4.467,0.0,0.155,0.57
16.149,41.373,MARG,1111,alb089,1.261,4.742,0.23,0.13,1.29,4.55,0.0,-0.029,0.192
15.91,41.712,MSAG,1111,alb089,1.159,4.386,0.16,0.09,1.32,4.566,0.0,-0.161,-0.18
15.744,41.755,SGRT,1111,alb089,1.166,4.612,0.17,0.11,1.319,4.59,0.0,-0.153,0.022
16.905,41.016,VAL1,1111,alb089,1.248,4.85,0.22,0.14,1.29,4.467,0.0,-0.042,0.383
15.91,41.712,MSAG,1111,alb089,1.115,4.041,0.37,0.46,1.32,4.566,0.0,-0.205,-0.525
16.149,41.373,MARG,1111,alb089,2.271,5.279,0.3,0.3,1.29,4.55,0.0,0.981,0.729
15.952,41.708,ANGE,1111,alb089,1.438,5.381,0.54,0.58,1.321,4.561,0.0,0.117,0.82
15.51,42.12,TREM,1111,alb089,1.656,4.933,0.57,0.58,1.354,4.626,0.0,0.302,0.307
15.897,41.904,ISC1,1111,alb089,1.501,4.323,0.508,0.526,1.344,4.569,0.0,0.157,-0.246
16.604,41.196,MLFT,1111,alb089,0.509,3.79,0.887,0.685,1.297,4.498,0.0,-0.788,-0.708
15.961,41.893,VGAR,1111,alb089,1.197,4.279,0.904,0.887,1.342,4.559,0.0,-0.145,-0.28
13.547,43.583,MACU,1111,alb090,0.573,4.624,0.51,0.4,1.296,3.733,0.0,-0.723,0.891
13.502,43.603,ANCG,1111,alb090,1.814,4.368,1.38,1.58,1.28,3.709,0.0,0.534,0.659
13.547,43.583,MACU,1111,alb090,2.723,1.995,1.88,2.16,1.296,3.733,0.0,1.427,-1.738
13.502,43.603,AN01,1111,alb090,1.392,3.586,0.2,0.2,1.28,3.709,0.0,0.112,-0.123
13.767,43.198,1251,1111,alb090,2.628,2.977,0.75,0.55,1.568,3.829,0.0,1.06,-0.852
13.46,43.55,MSIC,1111,alb090,1.117,3.431,0.52,0.53,1.313,3.682,0.0,-0.196,-0.251
13.544,43.464,CASF,1111,alb090,1.379,3.301,0.899,0.897,1.374,3.724,0.0,0.005,-0.423
13.731,43.168,FRMO,1111,alb090,1.344,3.583,0.758,0.504,1.585,3.808,0.0,-0.241,-0.225
13.871,42.976,GRA8,1111,alb090,1.724,3.05,0.668,0.654,1.722,3.874,0.0,0.002,-0.824
13.916,42.885,MRRA,1111,alb090,2.343,4.155,0.788,0.676,1.786,3.891,0.0,0.557,0.264
12.893,43.893,PES2,1111,alb090,0.59,3.793,0.876,0.745,1.034,3.374,0.0,-0.444,0.419
12.582,44.048,RMN0,1111,alb090,1.135,3.989,1.17,0.755,0.9,3.206,0.0,0.235,0.783
